exercise_id,step_order,description
2,1,"양발을 골반보다 약간 넓게 벌리고, 바벨의 그립을 어깨보다 조금 넓게하여 무릎과 팔이 겹치지 않도록 합니다."
2,2,"등이 굽지 않도록 상체를 곧게 유지하면서, 발바닥으로 지면을 밀어올린다는 느낌으로 바벨을 들어 올립니다. (이때, 복압을 단단하게 유지한채로 바벨을 몸에 붙여서 들어올립니다.)"
2,3,몸을 완전히 쭉 피고 엉덩이 근육을 수축합니다.
2,4,바벨을 들어올린 역순서대로 바닥으로 내려 시작 자세로 돌아갑니다.
3,1,"다리를 어깨너비만큼 벌리고, 바벨을 등 뒤 어깨 위에 올려줍니다."
3,2,상체가 앞으로 숙여지지 않도록 코어에 힘을 준 상태로 엉덩이를 뒤로 빼며 앉습니다.
3,3,"상체의 자세를 유지하면서, 발바닥으로 지면을 밀고 일어납니다."
4,1,바벨을 어깨너비로 잡아 등 위에 올리고 양발을 골반 너비만큼 벌리고 섭니다.
4,2,한쪽 다리를 뻗어 앞으로 나가면서 두 무릎이 90도 각도를 이룰 때까지 엉덩이를 낮춰줍니다. 이때 상체와 등은 곧게 편 자세를 유지합니다.
4,3,앞발의 뒤꿈치에 무게 중심을 실어서 몸을 위쪽으로 밀어주며 원래 시작 자세로 돌아옵니다.
5,1,"양발을 골반보다 약간 넓게 벌리고, 바벨의 그립을 어깨보다 조금 넓게하여 무릎과 팔이 겹치지 않도록 합니다."
5,2,"등이 굽지 않도록 상체를 곧게 유지하면서, 발바닥으로 지면을 밀어올린다는 느낌으로 바벨을 들어 올립니다. (이때, 복압을 단단하게 유지한채로 바벨을 몸에 붙여줍니다.)"
5,3,몸을 완전히 쭉 피고 엉덩이 근육을 수축합니다.
5,4,바벨을 들어올린 역순서대로 바닥으로 내려 시작 자세로 돌아갑니다.
6,1,"다리를 어깨 너비 만큼 벌리고, 바벨을 등 뒤 어깨 위에 올려줍니다."
6,2,상체가 앞으로 숙여지지 않도록 코어에 힘을 준 상태로 엉덩이를 뒤로 빼며 앉습니다.
6,3,"상체의 자세를 유지하면서, 발바닥으로 지면을 밀고 일어납니다."
7,1,양발을 골반 너비만큼 벌리고 덤벨을 양손에 든 상태로 상체를 곧게 펴고 섭니다.
7,2,한쪽 다리를 뻗어 앞으로 나가면서 두 무릎이 90도 각도를 이룰 때까지 엉덩이를 낮춰줍니다. 이때 상체와 등은 곧게 편 자세를 유지합니다.
7,3,앞발의 뒤꿈치에 무게 중심을 실어서 몸을 위쪽으로 밀어주며 원래 시작 자세로 돌아옵니다.
8,1,"다리를 어깨너비 보다 넓게 벌리고, 두 손으로 덤벨을 잡고 턱 아래 위치시킵니다."
8,2,"양손으로 잡은 중량을 고정시킨 상태에서, 엉덩이를 뒤로 빼면서 스쿼트 자세로 내려갑니다."
8,3,발바닥으로 지면을 밀고 일어나면서 시작 자세로 돌아옵니다.
9,1,"양발을 골반 너비만큼 벌린 상태에서, 양손으로 덤벨을 잡고 곧게 섭니다."
9,2,"허리가 구부러지지 않도록 복압을 유지하면서, 엉덩이를 뒤로 빼면서 몸을 숙입니다. (이때, 엉덩이와 허벅지 뒤쪽의 긴장감을 유지하며 천천히 움직입니다.)"
9,3,허리가 각도를 유지할 수 있는 한도내에서 최대한 몸을 굽힙니다.
9,4,이완된 엉덩이를 수축시킨다는 생각으로 몸을 세워 시작 자세로 돌아갑니다.
10,1,바벨을 어깨 너비로 잡고 쇄골 위에 올려둡니다.
10,2,"시선은 정면을 유지하면서, 엉덩이를 뒤로 빼며 앉습니다. (이때, 팔꿈치를 지속적으로 위로 들어올려 바벨이 흘러내리지 않도록 합니다.)"
10,3,"가슴을 펴고 허리를 곧게 세워 상체를 편 상태로, 발바닥으로 지면을 지그시 누르며 일어납니다."
11,1,"다리를 어깨너비만큼 벌리고, 양팔을 펴서 바를 팔이 접히는 부분에 위치시킵니다."
11,2,"가슴은 활짝 편 상태를 유지하면서, 엉덩이를 뒤로 빼면서 앉습니다."
11,3,"어깨가 앞으로 구부려지지 않도록 유의하면서, 발바닥으로 지면을 지그시 누르며 일어납니다."
12,1,"바벨을 어깨너비로 잡아 등 위에 올리고, 양발을 골반 너비로 벌리고 섭니다."
12,2,한 쪽 다리를 뒤로 빼서 의자 위에 올려줍니다.
12,3,"무게를 앞다리에 실은 상태로, 뒷다리의 무릎이 직각이 될때까지 자세를 낮춥니다. 동작 중에 상체가 앞으로 기울지 않게 유의합니다."
12,4,엉덩이에 힘을 주고 앞발로 무게를 지탱하면서 2번의 자세로 돌아옵니다.
13,1,"덤벨을 양손에 잡고 서서, 한 쪽 다리를 뒤로 빼서 의자 위에 올려줍니다."
13,2,"무게를 앞다리에 실은 상태로, 뒷다리의 무릎이 직각이 될때까지 자세를 낮춥니다. 동작 중에 상체가 앞으로 기울지 않게 유의합니다."
13,3,엉덩이에 힘을 주고 앞발로 무게를 지탱하면서 2번의 자세로 돌아옵니다.
14,1,"덤벨을 양손에 들고 상체를 곧게 편 상태로, 양발을 앞뒤로 벌리고 섭니다."
14,2,"시선은 정면을 향한 상태에서, 두 무릎이 90도를 이룰때까지 엉덩이를 낮춰 줍니다."
14,3,무게중심을 어느 한방향으로 쏠리지 않게 유지하면서 무릎을 피며 올라옵니다.
15,1,양발을 앞뒤로 벌리고 상체를 곧게 펴고 섭니다.
15,2,"시선은 정면을 향한 상태에서, 두 무릎이 90도를 이룰때까지 엉덩이를 낮춰 줍니다."
15,3,무게중심을 어느 한방향으로 쏠리지 않게 유지하면서 무릎을 피며 올라옵니다.
16,1,다리를 어깨너비만큼 벌리고 허리를 펴고 곧게 섭니다.
16,2,가슴을 편 상태로 엉덩이를 뒤로 빼며 앉습니다. (이때 양팔을 앞으로 벌려주면 균형을 잡기 쉽습니다.)
16,3,발바닥으로 지면을 밀고 일어나면서 시작 자세로 돌아옵니다.
17,1,다리를 어깨너비만큼 벌리고 허리를 펴고 곧게 섭니다.
17,2,가슴을 편 상태로 엉덩이를 뒤로 빼며 앉습니다. (이때 양팔을 앞으로 벌려주면 균형을 잡기 쉽습니다.)
17,3,복근에 힘을 주고 골반을 밀어 올리면서 최대한 높이 뛰어오릅니다.
17,4,착지하면서 2번의 자세로 돌아갑니다.
18,1,"다리를 어깨너비 보다 넓게 벌리고, 두 손으로 케틀벨을 잡고 턱 아래 위치시킵니다."
18,2,"양손으로 잡은 중량을 고정시킨 상태에서, 엉덩이를 뒤로 빼면서 스쿼트 자세로 내려갑니다."
18,3,발바닥으로 지면을 밀고 일어나면서 시작 자세로 돌아옵니다.
19,1,"다리를 어깨 너비만큼 벌리고, 양손은 다리보다 살짝 넓게 벌려 바벨을 잡고 섭니다."
19,2,시선은 전방을 향한 상태에서 바벨을 들어올려 골반 높이에 위치시킵니다.
19,3,허리와 등을 편 상태로 상체를 숙여 바벨을 무릎 높이까지 천천히 내립니다.
19,4,바벨이 내려간 역순서대로 들어올려 2번의 자세로 돌아갑니다.
20,1,발끝이 바깥을 향한 상태로 다리를 넓게 벌리고 바벨 앞에 섭니다.
20,2,"허벅지가 바닥에 수평이 될 때까지 엉덩이를 뒤로 뺀 상태에서, 양팔은 어깨너비보다 좁게 바벨을 잡습니다."
20,3,복압을 유지한채로 엉덩이에 힘을 주며 다리를 펴줍니다.
20,4,"상체를 포함한 온몸이 펴지면 동작을 완료하고, 바벨이 올라온 역순서대로 바닥에 내려 시작 자세로 돌아갑니다."
21,1,"엉덩이와 허리가 의자에 완전히 붙도록 밀착하여 앉고, 두 발을 어깨 너비만큼 벌려줍니다."
21,2,"이때, 좁게 벌리면 허벅지 바깥쪽, 넓게 벌리면 안쪽으로 더 큰 자극을 줄 수 있습니다."
21,3,"안전핀을 제거하고, 중량의 자극을 느끼며 무릎을 굽혀줍니다. 엉덩이와 허리가 뜨지않을 깊이까지 중량판을 내립니다."
21,4,"복부에 힘을 유지한채로, 중량판을 지그시 밀어 올립니다."
22,1,"머신에 엎드린 상태에서, 종아리 쪽의 패드가 아킬레스건 바로 위쪽에 위치하도록 머신을 조정합니다."
22,2,"발목을 세운 상태에서, 무릎을 굽혀 기구를 올려줍니다."
22,3,"허리, 엉덩이, 햄스트링에 긴장감을 유지하면서 기구를 천천히 내립니다."
23,1,"의자는 무릎 바로 아래에 올 수 있게, 패드는 발목 살짝 위에 위치할 수 있도록 머신을 조정합니다."
23,2,"엉덩이가 떨어지지 않게 유지하면서, 허벅지의 힘으로 고정부위를 지그시 밀어올립니다."
23,3,근육의 긴장을 유지하면서 천천히 무릎을 굽혀줍니다.
24,1,"어깨 위에 무게를 위치시키고, 양손으로 머신을 잡고 받침대 위에 섭니다."
24,2,종아리의 힘을 이용하여 몸 전체를 위로 들어올립니다.
24,3,종아리의 자극을 유지하면서 천천히 몸을 내려 시작 자세로 돌아옵니다.
25,1,허벅지 안쪽 받침대의 넓이를 적당하게 조절하고 머신에 앉습니다.
25,2,"호흡을 내쉬면서 양 다리를 안쪽으로 모아줍니다. (이때, 무릎을 닿게 한다는 생각으로 모아줍니다.)"
25,3,호흡을 들이마시면서 시작 자세로 돌아갑니다.
26,1,양발을 골반 너비만큼 벌리고 상체를 곧게 펴고 섭니다.
26,2,한쪽 다리를 뻗어 앞으로 나가면서 두 무릎이 90도 각도를 이룰 때까지 엉덩이를 낮춰줍니다. 이때 상체와 등은 곧게 편 자세를 유지합니다.
26,3,앞발의 뒤꿈치에 무게 중심을 실어서 몸을 위쪽으로 밀어주며 원래 시작 자세로 돌아옵니다.
27,1,몸을 곧게 펴고 구조물 앞에 섭니다.
27,2,"시선은 정면을 유지한 상태에서 한발을 구조물에 먼저 올리고, 올려놓은 다리의 힘으로 구조물 위로 올라섭니다."
27,3,구조물 위에서 몸을 완전히 쭉 피고 섭니다.
27,4,한발을 먼저 바닥으로 내린 뒤에 반대편 발도 내려 시작  자세로 돌아옵니다.
28,1,양손에 덤벨(혹은 케틀벨)을 잡고 구조물 앞에 섭니다.
28,2,"시선은 정면을 유지한 상태에서 한발을 구조물에 먼저 올리고, 올려놓은 다리의 힘으로 구조물 위로 올라섭니다."
28,3,구조물 위에서 몸을 완전히 쭉 피고 섭니다.
28,4,한발을 먼저 바닥으로 내린 뒤에 반대편 발도 내려 시작 자세로 돌아옵니다.
29,1,등 상부를 벤치에 기댄 상태에서 발바닥을 지면에 단단히 고정합니다.
29,2,"엉덩이 힘으로 몸을 윗 방향으로 밀어 올립니다. (이때, 허리가 과하게 꺾이지 않도록 주의합니다.)"
29,3,천천히 엉덩이를 내려 수축된 엉덩이 근육을 이완시킵니다.
30,1,"바벨을 골반 위에 위치시킨 상태에서, 등 상부를 벤치에 기대고 발바닥을 지면에 고정합니다."
30,2,"엉덩이 힘으로 몸을 윗 방향으로 밀어 올립니다. (이때, 허리가 과하게 꺾이지 않도록 주의합니다.)"
30,3,천천히 엉덩이를 내려 수축된 엉덩이 근육을 이완시킵니다.
31,1,머신에 허리를 붙인 상태에서 기본 스쿼트 보폭으로 곧게 섭니다.
31,2,허리가 굽지 않도록 배에 힘을 준 상태로 다리가 ㄱ자 모양이 될때까지 내려갑니다.
31,3,"대퇴사두(허벅지)와 힙의 자극을 느끼면서, 양발바닥을 지그시 누르며 올라옵니다."
32,1,머신을 어깨에 올린 상태에서 발판에 발을 짚고 섰을때 몸이 일직선이 되도록 자세를 잡습니다.
32,2,이때 발은 어깨너비로 벌려줍니다.
32,3,허리가 굽지 않도록 배에 힘을 준 상태로 다리가 ㄱ자 모양이 될때까지 내려갑니다.
32,4,"대퇴사두(허벅지)와 힙의 자극을 느끼면서, 양발바닥을 지그시 누르며 올라옵니다."
33,1,"발판에 서서 앞쪽의 손잡이를 잡고, 패드 위에 운동할 종아리의 뒷부분을 위치시킵니다."
33,2,골반을 움직이지 않게 둔근에 집중하면서 다리를 뒤로 쭈욱 밀어줍니다.
33,3,천천히 둔근에 자극을 느끼며 처음의 자세로 돌아옵니다.
34,1,의자에 앉아 무릎 바깥쪽에 패드를 밀착한 상태로 상체를 머신쪽으로 살짝 숙여줍니다.
34,2,"상,하체가 움직이지 않게 고정된 상태에서 엉덩이 바깥쪽 근육의 힘을 사용하여 양쪽 허벅지를 천천히 옆으로 벌려줍니다."
34,3,바깥쪽 엉덩이에 자극을 느끼며 천천히 처음의 자세로 돌아옵니다.
35,1,발 받침대 위에 양발을 올리고 머신에 앉습니다.
35,2,발 뒷꿈치를 최대한의 높이로 천천히 올려줍니다. 이때 종아리 근육을 쥐어짠다는 느낌으로 잠깐 멈춰줍니다.
35,3,천천히 발 뒷꿈치를 내려 시작 자세로 돌아옵니다.
36,1,"다리를 어깨너비만큼 벌리고, 바벨을 등 뒤 어깨 위에 올려줍니다."
36,2,상체가 앞으로 숙여지지 않도록 코어에 힘을 준 상태로 엉덩이를 뒤로 빼며 앉습니다.
36,3,앉은 상태의 자세를 2~3초간 유지합니다.
36,4,"상체의 자세를 유지하면서, 발바닥으로 지면을 밀고 일어납니다."
37,1,"양발을 어깨 너비만큼 벌리고, 내전근 개입을 위해 발을 바깥 방향으로 조금 벌려줍니다."
37,2,"등이 굽지 않도록 상체를 곧게 유지하면서, 무릎을 굽혀 트랩 바를 양손으로 잡아줍니다."
37,3,이때 기존의 데드리프트 보다는 스쿼트 자세에 가깝게 무릎이 앞으로 굽혀줍니다.
37,4,복압을 단단하게 유지한채로 발바닥으로 지면을 밀어올린다는 느낌으로 바를 들어 올립니다.
37,5,바를 들어올린 역순서대로 바닥으로 내려 시작 자세로 돌아갑니다.
38,1,"케이블 머신 옆에서 한발로 몸을 지탱하고 선 상태로, 반대쪽 발목에 케이블을 연결합니다."
38,2,케이블에 연결된 발을 상체의 옆 방향으로 최대한 높게 들어 올립니다.
38,3,엉덩이의 자극을 느끼며 천천히 버티며 내립니다.
39,1,기구의 발판에 올라가 양발의 간격을 스쿼트 간격(어깨너비 정도)으로 벌리고 섭니다.
39,2,"패드에 등과 어깨를 기댄 상태로 다리를 천천히 굽히면서 내려갑니다. 이때 둔근에 자극을 더 주고 싶다면 양발을 윗 부분에, 허벅지에 자극을 주고 싶다면 아랫 부분에 위치시킵니다."
39,3,발바닥으로 발판을 지그시 누르면서 시작 자세로 돌아갑니다.
40,1,"양발을 골반보다 약간 넓게 벌리고, 바벨의 그립을 어깨보다 조금 넓게하여 무릎과 팔이 겹치지 않도록 합니다."
40,2,"등이 굽지 않도록 상체를 곧게 유지하면서, 발바닥으로 지면을 밀어올린다는 느낌으로 바벨을 살짝 들어 올립니다."
40,3,바벨이 바닥과 분리된 상태의 자세를 2~3초정도 유지합니다.
40,4,복압을 단단히 유지한채 몸을 완전히 쭉 피며 엉덩이 근육을 수축합니다.
40,5,바벨을 들어올린 역순서대로 바닥으로 내려 시작 자세로 돌아갑니다.
41,1,발끝이 바깥을 향한 상태로 다리를 넓게 벌리고 바벨 앞에 섭니다.
41,2,"허벅지가 바닥에 수평이 될 때까지 엉덩이를 뒤로 뺀 상태에서, 양팔은 어깨너비보다 좁게 바벨을 잡습니다."
41,3,복압을 유지한채로 엉덩이에 힘을 주며 다리를 펴줍니다.
41,4,바벨이 바닥과 분리된 상태의 자세를 2~3초정도 유지합니다.
41,5,"상체를 포함한 온몸이 펴지면 동작을 완료하고, 바벨이 올라온 역순서대로 바닥에 내려 시작 자세로 돌아갑니다."
42,1,"다리를 어깨 너비만큼 벌리고, 바벨을 등 뒤 어깨 위에 올려줍니다."
42,2,상체가 앞으로 숙여지지 않도록 코어에 힘을 준 상태로 엉덩이를 뒤로 빼며 박스에 앉습니다.
42,3,"상체의 자세를 유지하면서, 발바닥으로 지면을 밀고 일어납니다."
43,1,"양발을 골반 너비만큼 벌리고 상체를 곧게 핀 상태에서, 바벨을 쇄골 위에 올립니다."
43,2,한쪽 다리를 뻗어 앞으로 나가면서 두 무릎이 90도 각도를 이룰 때까지 엉덩이를 낮춰줍니다. 이때 상체와 등은 곧게 편 자세를 유지합니다.
43,3,앞발의 뒤꿈치에 무게 중심을 실어서 몸을 위쪽으로 밀어주며 원래 시작 자세로 돌아옵니다.
44,1,"다리를 어깨너비만큼 벌리고, 바벨을 등 뒤 어깨 위에 올려줍니다."
44,2,상체가 앞으로 숙여지지 않도록 코어에 힘을 준 상태로 스쿼트를 수행합니다.
44,3,"상체의 자세를 유지하면서, 발바닥으로 지면을 박차면서 점프합니다."
44,4,점프하면서 펴졌던 무릎과 고관절을 다시 접으면서 스쿼트 자세를 취합니다.
44,5,발이 땅에 닿기전에 무릎을 살짝 구부려서 하반신 전체로 중량을 분산시킬 수 있도록 주의합니다.
45,1,양발을 골반 너비만큼 벌리고 바벨을 등뒤에 얹은 상태로 상체를 곧게 펴고 섭니다.
45,2,한쪽 다리를 뻗어 앞으로 나가면서 두 무릎이 90도 각도를 이룰 때까지 엉덩이를 낮춰줍니다. 이때 상체와 등은 곧게 편 자세를 유지합니다.
45,3,앞발의 뒤꿈치에 무게 중심을 실어서 몸을 위쪽으로 밀어주며 원래 시작 자세로 돌아옵니다.
46,1,양발을 골반 너비만큼 벌리고 바벨을 등뒤에 얹은 상태로 상체를 곧게 펴고 섭니다.
46,2,"한쪽 다리를 측면으로 크게 내딛은 후, 엉덩이를 뒤로 밀면서 앉습니다."
46,3,"내딛었던 한쪽 다리를 몸의 중앙으로 가져온 뒤, 반대쪽 다리를 동일한 방법으로 수행합니다."
47,1,바벨을 등 뒤 어깨 위에 올려둔 상태로 양발을 앞뒤로 벌리고 섭니다.
47,2,"시선은 정면을 향한 상태에서, 두 무릎이 90도를 이룰때까지 엉덩이를 낮춰 줍니다."
47,3,무게중심을 어느 한방향으로 쏠리지 않게 유지하면서 무릎을 피며 올라옵니다.
48,1,"바벨을 등 뒤 어깨 위에 올려둔 상태로, 단차가 있는 받침대 위에 올라섭니다."
48,2,"양발을 골반 너비만큼 벌린 상태에서, 발 뒷꿈치가 바닥에 닿지 않게 위치합니다."
48,3,뒷꿈치를 최대한의 높이로 천천히 올려줍니다. 이때 종아리 근육을 쥐어짠다는 느낌으로 잠깐 멈춰줍니다.
48,4,천천히 발 뒷꿈치를 내려 시작 자세로 돌아옵니다.
49,1,"양발을 골반 너비만큼 벌린 상태에서, 양손으로 바벨을 잡고 곧게 섭니다."
49,2,"허리가 구부러지지 않도록 복압을 유지하면서, 엉덩이를 뒤로 빼면서 몸을 숙입니다."
49,3,"이때, 엉덩이와 허벅지 뒤쪽의 긴장감을 유지하며 천천히 움직입니다."
49,4,허리가 각도를 유지할 수 있는 한도내에서 최대한 몸을 굽힙니다.
49,5,이완된 엉덩이를 수축시킨다는 생각으로 몸을 세워 시작 자세로 돌아갑니다.
50,1,"다리를 어깨 너비만큼 벌린 상태에서, 양손을 위로 곧게 뻗고 섭니다."
50,2,상체가 구부려지지 않도록 유지하면서 엉덩이를 낮추며 스쿼트를 합니다.
50,3,발바닥으로 지면을 밀고 일어나면서 시작 자세로 돌아옵니다.
51,1,"양손으로 덤벨을 잡고, 발끝이 바깥을 향한 상태로 다리를 넓게 벌리고 섭니다."
51,2,"팔꿈치를 펴고 등을 긴장시킨 상태로, 엉덩이를 뒤로 빼며 앉습니다."
51,3,복압을 유지한채로 엉덩이에 힘을 주며 다리를 펴줍니다.
52,1,벤치에 엎드린 상태에서 양발로 덤벨을 고정시켜줍니다.
52,2,"발목을 세운 상태에서, 무릎을 굽혀 덤벨을 올려줍니다."
52,3,"허리, 엉덩이, 햄스트링에 긴장감을 유지하면서 덤벨을 천천히 내립니다."
53,1,"다리를 어깨 너비만큼 벌리고, 덤벨을 양손으로 잡고 곧게 섭니다."
53,2,상체가 앞으로 숙여지지 않도록 코어에 힘을 준 상태로 엉덩이를 뒤로 빼며 앉습니다.
53,3,"상체의 자세를 유지하면서, 발바닥으로 지면을 밀고 일어납니다."
54,1,양손으로 골반 바로 바깥쪽에서 바벨을 언더그립(손바닥이 뒤를 향하게)으로 잡습니다.
54,2,"양발을 골반 너비만큼 벌린 상태에서, 엉덩이를 뒤로 빼며 앉습니다. 이때, 바벨은 흔들리지 않게 지면의 수직방향으로 내려줍니다."
54,3,허리가 굽지 않도록 주의하면서 허벅지를 바닥과 수평을 이루는 지점까지 앉습니다.
54,4,"상체의 자세를 유지하면서, 발바닥으로 지면을 밀고 일어납니다."
55,1,"머신에 앉은 상태에서, 종아리 쪽의 패드가 아킬레스건 바로 위쪽에 위치하도록 머신을 조정합니다."
55,2,"발목을 세운 상태에서, 무릎을 최대한 굽혀 뒷 허벅지(대퇴 이두)를 수축시킵니다."
55,3,대퇴 이두의 긴장감을 유지하면서 천천히 무릎을 펴줍니다.
56,1,등 상부를 벤치에 기댄 상태에서 발바닥을 지면에 단단히 고정합니다.
56,2,"엉덩이 힘으로 몸을 윗 방향으로 밀어 올립니다. (이때, 허리가 과하게 꺾이지 않도록 주의합니다.)"
56,3,천천히 엉덩이를 내려 수축된 엉덩이 근육을 이완시킵니다.
57,1,계단과 같이 단차가 있는곳에 발뒤꿈치를 뗀 상태로 곧게 섭니다.
57,2,종아리의 힘을 이용하여 몸 전체를 위로 들어올립니다.
57,3,종아리의 자극을 유지하면서 천천히 몸을 내려 시작 자세로 돌아옵니다.
58,1,"바닥에 누워 무릎을 구부린 상태에서, 양 발바닥면 전체가 바닥에 닿게합니다."
58,2,"무릎, 엉덩이, 어깨가 일직선이 될때까지 바닥에서 엉덩이를 들어 올립니다. 이때 등이 과도하게 밀려 올라가는 것을 방지하기 위해 둔근과 복근을 활성화합니다."
58,3,최고점에서 약 2초간 자세를 유지하고 시작자세로 돌아옵니다.
59,1,다리를 어깨 너비만큼 벌린 상태에서 양손으로 덤벨을 잡고 섭니다.
59,2,시선은 전방을 향한 상태에서 덤벨을 들어올려 골반 높이에 위치시킵니다.
59,3,허리와 등을 편 상태로 상체를 숙여 덤벨을 무릎 높이까지 천천히 내립니다.
59,4,덤벨이 내려간 역순서대로 들어올려 2번의 자세로 돌아갑니다.
60,1,옆으로 곧게 누워 한팔은 머리를 다른 한팔은 상체를 지지합니다.
60,2,몸의 중심을 잡은 상태에서 위쪽 다리를 상체와 일직선이 되도록 몸을 정렬합니다.
60,3,아래쪽 다리는 바닥을 지지한 상태로 위쪽 다리를 천천히 들어올립니다.
60,4,올린 다리를 천천히 내려 2번의 자세로 돌아갑니다.
61,1,바닥에 누워 한쪽발 바닥면은 바닥에 닿게 무릎을 구부리고 다른쪽 발은 곧게 펴줍니다.
61,2,"양팔로 상체가 움직이지않게 고정한 상태에서, 바닥에 닿은 발의 뒤꿈치를 밀면서 엉덩이를 들어 올립니다."
61,3,최고점에서 약 2초간 자세를 유지하고 시작 자세로 돌아옵니다.
62,1,적당한 높이의 박스 앞으로 가서 양손을 앞으로 내밀고 한발을 살짝 들어줍니다.
62,2,코어에 힘을 준 상태로 엉덩이를 뒤로빼면서 천천히 앉아줍니다. 이때 몸통이 숙여지지 않도록 합니다.
62,3,박스가 엉덩이에 닿으면 둔근과 햄스트링에 힘을 주면서 몸을 천천히 일으켜 세웁니다.
63,1,옆으로 곧게 누워 한팔은 머리를 다른 한팔은 상체를 지지합니다.
63,2,양쪽 무릎을 앞으로 구부리고 양다리를 모아줍니다.
63,3,양발이 떨어지지 않도록 유지하면서 윗 무릎을 들어올립니다.
63,4,최고점에서 약 2초간 자세를 유지하고 시작 자세로 돌아옵니다.
64,1,한발로 균형을 잡은 상태로 척추를 곧게 펴고 섭니다.
64,2,"고관절을 접으며 상체를 천천히 숙여줍니다. 이때, 일반 데드리프트를 수행할 때처럼 등이 굽지 않도록 유의합니다."
64,3,반대쪽 다리를 들어 균형을 잡으면서 상체의 균형을 유지할 수 있는 지점까지 내려갑니다.
64,4,한발로 바닥을 지그시 누르며 시작 자세로 돌아옵니다.
65,1,양손으로 바벨을 들고 한발로 균형을 잡은 상태로 척추를 곧게 펴고 섭니다.
65,2,"고관절을 접으며 상체를 천천히 숙여줍니다. 이때, 일반 데드리프트를 수행할 때처럼 등이 굽지 않도록 유의합니다."
65,3,반대쪽 다리를 들어 균형을 잡으면서 상체의 균형을 유지할 수 있는 지점까지 내려갑니다.
65,4,한발로 바닥을 지그시 누르며 시작 자세로 돌아옵니다.
66,1,양손으로 덤벨을 들고 한발로 균형을 잡은 상태로 척추를 곧게 펴고 섭니다.
66,2,"고관절을 접으며 상체를 천천히 숙여줍니다. 이때, 일반 데드리프트를 수행할 때처럼 등이 굽지 않도록 유의합니다."
66,3,반대쪽 다리를 들어 균형을 잡으면서 상체의 균형을 유지할 수 있는 지점까지 내려갑니다.
66,4,한발로 바닥을 지그시 누르며 시작 자세로 돌아옵니다.
67,1,"양발을 골반보다 약간 넓게 벌리고, 케틀벨을 양손으로 잡습니다."
67,2,"등이 굽지 않도록 상체를 곧게 유지하면서, 발바닥으로 지면을 밀어올린다는 느낌으로 케틀벨을 들어 올립니다."
67,3,몸을 완전히 쭉 피고 엉덩이 근육을 수축합니다.
67,4,케틀벨을 들어올린 역순서대로 바닥으로 내려 시작 자세로 돌아갑니다.
68,1,발끝이 바깥을 향한 상태로 다리를 넓게 벌리고 케틀벨 앞에 섭니다.
68,2,"허벅지가 바닥에 수평이 될 때까지 엉덩이를 뒤로 뺀 상태에서, 양손으로 케틀벨을 잡습니다."
68,3,복압을 유지한채로 엉덩이에 힘을 주며 다리를 펴줍니다.
68,4,"상체를 포함한 온몸이 펴지면 동작을 완료하고, 케틀벨이 올라온 역순서대로 바닥에 내려 시작 자세로 돌아갑니다."
69,1,발끝이 바깥을 향한 상태로 다리를 넓게 벌린상태로 덤벨 앞에 섭니다.
69,2,"허벅지가 바닥에 수평이 될 때까지 엉덩이를 뒤로 뺀 상태에서, 양손으로 덤벨을 잡습니다."
69,3,복압을 유지한채로 엉덩이에 힘을 주며 다리를 펴줍니다.
69,4,"상체를 포함한 온몸이 펴지면 동작을 완료하고, 덤벨이 올라온 역순서대로 바닥에 내려 시작 자세로 돌아갑니다."
70,1,양발을 골반 너비만큼 벌리고 양손으로 덤벨을 들고 상체를 곧게 펴고 섭니다.
70,2,"한쪽 다리를 측면으로 크게 내딛은 후, 엉덩이를 뒤로 밀면서 앉습니다."
70,3,"내딛었던 한쪽 다리를 몸의 중앙으로 가져온 뒤, 반대쪽 다리를 동일한 방법으로 수행합니다."
71,1,양발을 골반 너비만큼 벌리고 양손으로 케틀벨을 들고 상체를 곧게 펴고 섭니다.
71,2,"한쪽 다리를 측면으로 크게 내딛은 후, 엉덩이를 뒤로 밀면서 앉습니다."
71,3,"내딛었던 한쪽 다리를 몸의 중앙으로 가져온 뒤, 반대쪽 다리를 동일한 방법으로 수행합니다."
72,1,양발을 골반 너비만큼 벌리고 상체를 곧게 펴고 섭니다.
72,2,"한쪽 다리를 측면으로 크게 내딛은 후, 엉덩이를 뒤로 밀면서 앉습니다."
72,3,"내딛었던 한쪽 다리를 몸의 중앙으로 가져온 뒤, 반대쪽 다리를 동일한 방법으로 수행합니다."
73,1,"의자는 무릎 바로 아래에 올 수 있게, 패드는 발목 살짝 위에 위치할 수 있도록 머신을 조정합니다."
73,2,"엉덩이가 떨어지지 않게 유지하면서, 한쪽 허벅지의 힘으로 고정부위를 지그시 밀어올립니다."
73,3,근육의 긴장을 유지하면서 천천히 무릎을 굽혀줍니다.
74,1,"머신에 엎드린 상태에서, 종아리 쪽의 패드가 아킬레스건 바로 위쪽에 위치하도록 머신을 조정합니다."
74,2,"발목을 세운 상태에서, 한쪽 무릎을 굽혀 기구를 올려줍니다."
74,3,"허리, 엉덩이, 햄스트링에 긴장감을 유지하면서 기구를 천천히 내립니다."
75,1,엉덩이와 허리가 의자에 완전히 붙도록 밀착하여 앉은 상태에서 한 발을 중량판에 올려둡니다.
75,2,"안전핀을 제거하고, 중량의 자극을 느끼며 무릎을 굽혀줍니다."
75,3,엉덩이와 허리가 뜨지않을 깊이까지 중량판을 내립니다.
75,4,"복부에 힘을 유지한채로, 중량판을 지그시 밀어 올립니다."
76,1,"엉덩이와 허리가 의자에 완전히 붙도록 밀착하여 앉고, 두 발을 어깨 너비만큼 벌려줍니다. (좁게 벌리면 허벅지 바깥쪽, 넓게 벌리면 안쪽으로 더 큰 자극을 줄 수 있습니다.)"
76,2,엉덩이와 허리가 뜨지 않도록 유의하면서 굽혀있던 무릎을 펴줍니다.
76,3,중량의 자극을 느끼며 무릎을 굽혀 시작 자세로 돌아갑니다.
77,1,"엉덩이와 허리가 의자에 완전히 붙도록 밀착하여 앉고, 한 발을 어깨 너비만큼 벌려줍니다."
77,2,엉덩이와 허리가 뜨지 않도록 유의하면서 굽혀있던 무릎을 펴줍니다.
77,3,중량의 자극을 느끼며 무릎을 굽혀 시작 자세로 돌아갑니다.
78,1,"머신에 앉은 상태에서, 종아리 쪽의 패드가 아킬레스건 바로 위쪽에 위치하도록 머신을 조정합니다."
78,2,"발목을 세운 상태에서, 한쪽 무릎을 최대한 굽혀 뒷 허벅지(대퇴 이두)를 수축시킵니다."
78,3,대퇴 이두의 긴장감을 유지하면서 천천히 무릎을 펴줍니다.
79,1,양발을 고정한 상태로 무릎 바닥에 대고 곧게 섭니다.
79,2,몸이 일직선이 되도록 유지하면서 천천히 아래로 내려갑니다.
79,3,햄스트링의 자극을 느끼면서 시작 자세로 돌아옵니다.
80,1,"발끝이 바깥을 향한 상태로 다리를 넓게 벌리고, 바벨을 등 뒤 어깨 위에 올려줍니다."
80,2,상체가 앞으로 숙여지지 않도록 코어에 힘을 준 상태로 엉덩이를 뒤로 빼며 앉습니다.
80,3,"상체의 자세를 유지하면서, 발바닥으로 지면을 밀고 일어납니다."
81,1,"양손으로 케틀벨을 잡고, 발끝이 바깥을 향한 상태로 다리를 넓게 벌리고 섭니다."
81,2,"팔꿈치를 펴고 등을 긴장시킨 상태로, 엉덩이를 뒤로 빼며 앉습니다."
81,3,복압을 유지한채로 엉덩이에 힘을 주며 다리를 펴줍니다.
82,1,발끝이 바깥을 향한 상태로 다리를 넓게 벌리고 섭니다.
82,2,복압을 유지한채로 엉덩이를 뒤로 빼며 앉습니다.
82,3,발바닥으로 지면을 밀고 일어나면서 시작 자세로 돌아옵니다.
83,1,양발을 어깨너비로 벌린 상태에서 한발을 살짝 들어줍니다.
83,2,"바닥을 지지하고 있는 다리의 무릎을 서서히 굽혀 엉덩이가 바닥에 닿는다는 느낌으로 앉습니다. (이때, 반대쪽 다리는 반원을 그리듯 앞으로 펴주면서 균형을 잡아줍니다.)"
83,3,상체의 균형을 유지한 상태로 무릎을 펴면서 일어납니다.
84,1,바닥에 손바닥과 무릎을 대고 엎드립니다.
84,2,"신체가 흔들리지 않도록 몸을 고정시킨 상태에서, 한쪽 다리의 무릎을 90도로 유지하면서 위로 힘차게 킥합니다."
84,3,둔근의 자극을 느끼면서 천천히 시작 자세로 돌아옵니다.
85,1,스트랩을 통해 발목에 케이블을 연결합니다.
85,2,"신체가 흔들리지 않도록 몸을 고정시킨 상태에서, 한쪽 다리를 뒤쪽으로 힘차게 킥합니다."
85,3,둔근의 자극을 느끼면서 천천히 시작 자세로 돌아옵니다.
86,1,"플레이트 혹은 스텝 박스 위에 올라간 상태에서, 바벨의 그립을 어깨보다 조금 넓게하여 무릎과 팔이 겹치지 않도록 합니다."
86,2,"등이 굽지 않도록 상체를 곧게 유지하면서, 발바닥으로 지면을 밀어올린다는 느낌으로 바벨을 들어 올립니다. (이때, 일반 데드리프트보다 상체를 더 숙이게되어 후면사슬에 더 많은 자극을 줄 수 있습니다.)"
86,3,몸을 완전히 쭉 피고 엉덩이 근육을 수축합니다.
86,4,바벨을 들어올린 역순서대로 바닥으로 내려 시작 자세로 돌아갑니다.
87,1,양발을 골반 너비만큼 벌리고 상체를 곧게 펴고 섭니다.
87,2,한쪽 다리를 뻗어 앞으로 나가면서 두 무릎이 90도 각도를 이룰 때까지 엉덩이를 낮춰줍니다.
87,3,엉덩이를 낮춤과 동시에 상체를 무릎이 나온 방향으로 트위스트 해줍니다.
87,4,앞발의 뒤꿈치에 무게 중심을 실어서 몸을 위쪽으로 밀어주며 원래 시작 자세로 돌아옵니다.
88,1,양발을 골반 너비만큼 벌리고 양손으로 케틀벨을 잡은 상태에서 상체를 곧게 펴고 섭니다.
88,2,한쪽 다리를 뻗어 앞으로 나가면서 두 무릎이 90도 각도를 이룰 때까지 엉덩이를 낮춰줍니다.
88,3,엉덩이를 낮춤과 동시에 상체를 무릎이 나온 방향으로 트위스트 해줍니다.
88,4,앞발의 뒤꿈치에 무게 중심을 실어서 몸을 위쪽으로 밀어주며 원래 시작 자세로 돌아옵니다.
89,1,케이블 머신의 높이를 가장 낮게(로우 폴리) 맞추고 다리사이로 양손으로 케이블을 잡은 상태에서 머신을 등지고 섭니다.
89,2,고관절을 접으면서 골반을 뒤로 천천히 밀어줍니다.
89,3,골반을 앞으로 밀어 엉덩이 근육을 수축하면서 시작 자세로 돌아옵니다.
90,1,머신에 앉은 상태에서 발판에 발을 올려놓습니다.
90,2,다리를 최대한 벌리면서 엉덩이 근육을 수축시킵니다.
90,3,천천히 다리를 모으면서 시작 자세로 돌아옵니다.
91,1,바벨을 어깨너비로 잡고 쇄골 위에 올려둡니다.
91,2,등에 힘을 주고 가슴을 피면서 바벨을 위로 밀어올립니다.
91,3,바벨이 올라간 동선을 따라 천천히 내려 시작 자세로 돌아옵니다.
92,1,바벨을 어깨너비로 잡고 쇄골 위에 올려둡니다.
92,2,등에 힘을 주고 가슴을 피면서 바벨을 위로 밀어올립니다.
92,3,어깨에 자극을 느끼며 바벨을 천천히 내려 시작 자세로 돌아옵니다.
93,1,"발을 어깨 너비 만큼 벌린 상태에서, 바벨을 어깨 너비 정도로 잡아 허벅지 앞에 위치시킵니다."
93,2,어깨를 귀에 붙인다는 느낌으로 최대한 어깨를 끌어올립니다.
93,3,승모근에 저항감을 느끼면서 어깨를 천천히 내리고 시작 자세로 돌아갑니다.
94,1,"양손에 덤벨을 잡고 팔을 옆으로 벌려서, 덤벨을 머리와 나란히 위치시킵니다."
94,2,어깨를 아래방향으로 지그시 누르면서 덤벨을 수직 방향으로 밀어올립니다.
94,3,"어깨의 자극을 느끼면서, 덤벨을 내려 시작 자세로 돌아옵니다. (이때 팔꿈치가 너무 아래로 내려가지 않도록 유의합니다.)"
95,1,"양발을 어깨너비로 적당히 벌리고, 가슴을 편상태로 덤벨을 잡습니다."
95,2,측면 어깨(삼각근)에 자극을 느끼면서 팔꿈치를 올린다는 생각으로 덤벨을 들어 올립니다.
95,3,측면 삼각근의 자극을 느끼면서 천천히 팔을 내립니다.
96,1,"양발을 어깨너비로 적당히 벌리고, 허리를 곧게 편 상태로 상체를 숙여줍니다."
96,2,"팔꿈치를 살짝 굽힌 상태에서, 덤벨을 든 양 손을 어깨와 1자가 되게끔 들어올립니다."
96,3,어깨 뒤편의 자극을 느끼면서 덤벨을 천천히 내려줍니다.
97,1,"덤벨을 양손에 들고, 손바닥이 자신을 바라보게 들어 가슴 앞에 위치시킵니다."
97,2,"손바닥이 앞을 향하게 돌리면서, 덤벨을 위로 밀어올립니다."
97,3,어깨에 자극을 느끼면서 시작 자세로 돌아옵니다.
98,1,머신에 앉아 팔꿈치 각도가 90도가 되도록 팔의 넓이를 조절하여 손잡이를 잡습니다.
98,2,어깨에 자극을 느끼면서 수직방향으로 팔을 밀어 올립니다.
98,3,어깨의 자극을 느끼며 손을 귀 옆까지 천천히 내립니다.
99,1,바벨을 어깨너비 두배 정도로 넓게 잡고 위로 들어올립니다.
99,2,"팔꿈치와 손목을 1자로 유지하면서, 바벨을 천천히 머리 뒤로 내립니다."
99,3,어깨에 자극을 유지하면서 천천히 바벨을 밀어 올립니다. (바벨은 동작 중 뒤통수를 스치며 수직방향으로 움직일 수 있도록 합니다.)
100,1,양발을 어깨너비로 적당히 벌리고 양손에 덤벨을 쥐고 섭니다.
100,2,상체의 균형을 유지하면서 한쪽 팔을 앞으로 들어올립니다.
100,3,들어올린 팔을 내리고 난 뒤 2번의 상태로 돌아옵니다.
100,4,이후 반대편 팔로 운동을 수행합니다.
101,1,"발을 어깨 너비로 벌린 상태에서, 양손에 덤벨을 들어 허벅지 옆에 위치시킵니다."
101,2,어깨를 귀에 붙인다는 느낌으로 최대한 어깨를 끌어올립니다.
101,3,승모근에 저항감을 느끼면서 어깨를 천천히 내리고 시작 자세로 돌아갑니다.
102,1,"발을 어깨 너비 만큼 벌린 상태에서, 바벨을 어깨 너비 정도로 잡아 허벅지 앞에 위치시킵니다."
102,2,어깨를 귀에 붙인다는 느낌으로 최대한 어깨를 끌어올립니다.
102,3,승모근에 저항감을 느끼면서 어깨를 천천히 내리고 시작 자세로 돌아갑니다.
103,1,"케이블을 머리 높이에 고정한 뒤, 케이블을 바라보고 섭니다."
103,2,"양손으로 로프를 잡은 뒤, 가슴을 편 상태로 케이블을 얼굴 방향으로 힘껏 당깁니다."
103,3,팔을 펴면서 시작 자세로 돌아갑니다.
104,1,양 팔을 쭉펴고 물구나무를 섭니다.
104,2,"자세를 유지하기 어렵다면, 벽이나 구조물에 몸을 기대 균형감각을 익히는데 집중합니다."
105,1,양팔을 쭉펴고 물구나무를 섭니다.
105,2,균형을 유지할 수 있는 깊이 만큼 팔꿈치를 굽혀 내려갑니다.
105,3,"팔꿈치를 피고 몸을 밀어 올려서, 1번의 상태로 돌아갑니다."
106,1,팔을 교차하여 케이블을 잡고 머신 중앙에 자리잡습니다.
106,2,팔꿈치를 살짝 굽히며 잡은 케이블을 살짝 당깁니다.
106,3,팔꿈치의 각도를 일정하게 유지하면서 케이블을 뒤로 힘차게 잡아당깁니다.
106,4,후면 삼각근의 자극을 느끼면서 천천히 시작 자세로 돌아옵니다.
107,1,"바벨을 어깨너비보다 살짝 좁게 잡고, 허벅지 위에 살짝 올려둡니다."
107,2,팔꿈치를 양옆으로 활짝 벌린다는 생각으로 바벨을 들어 올립니다.
107,3,어깨의 자극을 유지하면서 천천히 내려 1번의 자세로 돌아옵니다.
108,1,양손에 덤벨을 잡고 허벅지 위에 살짝 올려둡니다.
108,2,팔꿈치를 양옆으로 활짝 벌린다는 생각으로 바벨을 들어 올립니다.
108,3,어깨의 자극을 유지하면서 천천히 내려 1번의 자세로 돌아옵니다.
109,1,"바를 어깨너비보다 살짝 좁게 잡고, 허벅지 위에 살짝 올려둡니다."
109,2,팔꿈치를 양옆으로 활짝 벌린다는 생각으로 바를 들어 올립니다.
109,3,어깨의 자극을 유지하면서 천천히 내려 1번의 자세로 돌아옵니다.
110,1,"양발을 어깨너비보다 약간 좁게 벌린 상태에서, 바벨을 어깨너비 정도로 잡아 어깨에 올려둡니다."
110,2,상체는 곧게 편 상태를 유지하면서 무릎을 굽혔다가 펴는 힘으로 바벨을 머리 위로 밀어 올립니다.
110,3,바벨을 천천히 내리며 시작 자세로 돌아옵니다.
111,1,머신을 마주보고 앉아 가슴을 지지하는 패드에 가슴을 기대고 앉습니다.
111,2,팔꿈치를 자연스럽게 구부린 상태로 양손으로 손잡이를 잡아줍니다. 이때 어깨와 팔꿈치 손이 수평이 되도록 합니다.
111,3,후면 삼각근의 자극을 느끼며 팔꿈치를 최대한 뒤로 밀어줍니다.
111,4,팔꿈치가 움직이지 않게 제한하면서 시작 자세로 돌아옵니다.
112,1,의자에 앉아 패드에 팔꿈치를 기댄상태로 손잡이를 가볍게 잡습니다.
112,2,가슴을 열고 상체를 곧게 편 상태에서 측면 삼각근의 힘으로 기구를 밀어올립니다.
112,3,이때 팔의 힘이 아닌 측면 삼각근에 집중하여 팔꿈치를 어깨선까지 올려줍니다.
112,4,어깨 근육의 긴장감을 유지하면서 천천히 처음의 자세로 돌아옵니다.
113,1,"케이블을 최하단에 고정한 상태에서, 케이블의 가운데에 서서 양쪽 케이블을 X자 형태로 잡습니다."
113,2,"가슴을 열고 상체를 곧게 편 상태에서, 케이블을 잡아 당겨 팔꿈치를 어깨선까지 올려줍니다. 이때 견갑골을 고정시켜 승모근이 개입하는 것을 최소화 합니다."
113,3,어깨 근육의 긴장감을 유지하면서 손을 바지 주머니 위치까지 내려줍니다.
114,1,케이블 머신을 등지고 다리 사이로 케이블을 빼서 몸을 곧게 펴고 섭니다.
114,2,상체를 앞으로 숙여준 상태로 어깨 전면부의 자극을 느끼며 양팔을 들어올립니다. (이때 팔꿈치가 굽지 않도록 유지하면서 손을 어깨 높이까지만 올려줍니다.)
114,3,어깨 전면부의 자극을 느끼며 천천히 양팔을 내려줍니다.
115,1,양발을 어깨너비로 적당히 벌리고 서서 양손으로 바벨을 잡습니다.
115,2,"양팔을 곧게 뻗은 상태에서 천천히 바벨을 앞으로 들어올립니다. (이때, 팔힘이 아닌 어깨 전면의 근육을 수축하는 느낌으로 들어올립니다.)"
115,3,어깨 전면부의 자극을 느끼면서 들어올린 팔을 천천히 내립니다.
116,1,양발을 어깨너비로 적당히 벌리고 서서 양손으로 이지바를 잡습니다.
116,2,"양팔을 곧게 뻗은 상태에서 천천히 이지바를 앞으로 들어올립니다. (이때, 팔힘이 아닌 어깨 전면의 근육을 수축하는 느낌으로 들어올립니다.)"
116,3,어깨 전면부의 자극을 느끼면서 들어올린 팔을 천천히 내립니다.
117,1,"벤치에 앉아 덤벨을 양손으로 평행하게 잡고, 상체를 앞으로 숙입니다."
117,2,"팔꿈치를 살짝 굽힌 상태에서, 덤벨을 든 양손을 어깨와 1자가 되게끔 들어올립니다."
117,3,삼각근과 어깨 뒤편의 자극을 느끼면서 덤벨을 천천히 내려줍니다.
118,1,양팔을 어깨 너비만큼 벌리고 팔꿈치를 쭉펴서 바닥에 엎드립니다.
118,2,"한쪽 손으로 반대쪽 어깨를 가볍게 터치합니다. (이때, 몸통이 크게 움직이지 않도록 최대한 자세를 유지할 수 있도록 합니다.)"
118,3,터치한 손을 원위치 시킨 뒤 반대쪽 손으로 동일하게 운동을 수행합니다.
119,1,벤치에 앉은 상태에서 바벨을 어깨너비로 잡고 쇄골 위에 올려둡니다.
119,2,등에 힘을 주고 가슴을 피면서 바벨을 머리 위로 밀어올립니다.
119,3,바벨이 올라간 동선을 따라 천천히 내려 시작 자세로 돌아옵니다.
120,1,벤치에 앉은 상태에서 양손으로 덤벨을 잡아 머리 옆에 나란히 위치시킵니다.
120,2,어깨를 아래방향으로 지그시 누르면서 덤벨을 수직 방향으로 밀어올립니다.
120,3,어깨의 자극을 느끼면서 덤벨을 내려 시작 자세로 돌아옵니다. (이때 팔꿈치가 너무 아래로 내려가지 않도록 유의합니다.)
121,1,플레이트를 양손으로 잡고 가슴 앞에 위치시킵니다.
121,2,어깨가 굽지 않도록 가슴을 핀 상태로 플레이트를 머리 위 수직방향으로 밀어올립니다.
121,3,플레이트가 올라간 동선을 따라 천천히 내려옵니다.
122,1,"타겟 부위의 효과적인 자극을 위해 가슴을 지지할 수 있도록, 바닥에 엎드리거나 벤치에 가슴을 기댑니다."
122,2,"양팔을 Y자 모양으로 만든 상태에서, 양팔을 최대한 위로 올립니다."
122,3,등의 긴장이 완전히 풀리기 전까지 천천히 양팔을 내려줍니다.
123,1,"타겟 부위의 효과적인 자극을 위해 가슴을 지지할 수 있도록, 바닥에 엎드리거나 벤치에 가슴을 기댑니다."
123,2,"양팔을 Y자 모양으로 만든 상태에서, 양손으로 덤벨을 잡고 최대한 위로 올립니다."
123,3,등의 긴장이 완전히 풀리기 전까지 천천히 양팔을 내려줍니다.
124,1,"발을 어깨 너비로 벌린 상태에서, 양손으로 머신의 손잡이를 잡습니다."
124,2,어깨를 귀에 붙인다는 느낌으로 최대한 어깨를 끌어올립니다.
124,3,승모근에 저항감을 느끼면서 어깨를 천천히 내리고 시작 자세로 돌아갑니다.
125,1,"발을 어깨 너비로 벌린 상태에서, 양손으로 케이블의 손잡이를 잡습니다."
125,2,어깨를 귀에 붙인다는 느낌으로 최대한 어깨를 끌어올립니다.
125,3,승모근에 저항감을 느끼면서 어깨를 천천히 내리고 시작 자세로 돌아갑니다.
126,1,케이블 머신의 높이를 허리에 맞추고 한손으로 케이블을 잡은 상태에서 머신 옆에 나란히 섭니다.
126,2,"팔꿈치를 허리에 단단히 고정시킨 상태에서 케이블을 배꼽방향으로 반원을 그리며 당겨줍니다. 이때, 전완부는 바닥과 평행을 유지할 수 있도록 합니다."
126,3,어깨의 자극을 느끼면서 천천히 시작 자세로 돌아갑니다.
127,1,케이블 머신의 높이를 허리에 맞추고 한손으로 케이블을 잡은 상태에서 머신 옆에 나란히 섭니다.
127,2,"팔꿈치를 허리에 단단히 고정시킨 상태에서 케이블을 몸의 바깥방향으로 반원을 그리며 당겨줍니다. 이때, 전완부는 바닥과 평행을 유지할 수 있도록 합니다."
127,3,어깨의 자극을 느끼면서 천천히 시작 자세로 돌아갑니다.
128,1,케이블 머신의 높이를 가장 낮게(로우 폴리) 맞추고 한손으로 케이블을 잡은 상태에서 머신 옆에 나란히 섭니다.
128,2,측면 어깨(삼각근)에 자극을 느끼면서 팔꿈치를 올린다는 생각으로 케이블을 들어 올립니다.
128,3,측면 삼각근의 자극을 느끼면서 천천히 팔을 내립니다.
129,1,바벨의 한쪽 끝을 고정시킵니다.
129,2,다리를 어깨너비만큼 벌린 상태로 바벨의 끝부분을 양손으로 잡습니다.
129,3,손목이 꺾이지 않도록 유의하면서 바벨을 밀어올립니다.
129,4,천천히 바벨을 내려 시작 자세로 돌아옵니다.
130,1,바벨의 한쪽 끝을 고정시킵니다.
130,2,다리를 어깨너비만큼 벌린 상태로 바벨의 끝부분을 한손으로 잡습니다.
130,3,손목이 꺾이지 않도록 유의하면서 바벨을 밀어올립니다.
130,4,천천히 바벨을 내려 시작 자세로 돌아옵니다.
132,1,"벤치에 가슴을 펴고 누운 상태에서, 바벨을 어깨너비보다 조금 넓게 잡고 위로 들어올립니다."
132,2,가슴 근육의 이완을 느끼며 팔을 굽혀 바벨을 가슴 방향으로 내립니다.
132,3,가슴 근육의 수축을 느끼며 몸의 수직방향으로 바벨을 밀어올립니다.
133,1,"기울어진 벤치에 가슴을 펴고 누운 상태에서, 바벨을 어깨너비보다 조금 넓게 잡고 위로 들어올립니다."
133,2,가슴 근육의 이완을 느끼며 팔을 굽혀 바벨을 가슴 방향으로 내립니다.
133,3,가슴 근육의 수축을 느끼며 바닥의 수직방향으로 바벨을 밀어올립니다.
134,1,"덤벨을 양손에 들고 벤치에 가슴을 펴고 누운 상태에서, 덤벨을 수직으로 들어올립니다."
134,2,"덤벨이 가로로 놓이게 잡아주고, 가슴 근육의 이완을 느끼며 팔을 굽히며 덤벨을 아래로 내립니다."
134,3,가슴 근육의 수축을 느끼며 몸의 수직방향으로 덤벨을 밀어올립니다.
135,1,"덤벨을 양손에 들고 기울어진 벤치에 가슴을 펴고 누운 상태에서, 덤벨을 바닥에 수직하게 들어올립니다."
135,2,"덤벨이 가로로 놓이게 잡아주고, 가슴 근육의 이완을 느끼며 팔을 굽혀 덤벨을 아래로 내립니다."
135,3,가슴 근육의 수축을 느끼며 수직방향으로 덤벨을 밀어올립니다.
136,1,"벤치에 등을 대고 누운 뒤 손바닥을 서로 마주보게 덤벨을 잡아, 가슴 위로 양팔을 쭉 밀어올립니다."
136,2,팔꿈치는 자연스럽게 살짝 구부리면서 가슴 옆방향으로 팔을 천천히 펼쳐줍니다.
136,3,팔로 반원을 그리며 덤벨을 모아 시작 자세로 돌아옵니다.
137,1,"케이블 머신의 가운데에서 한 걸음 정도 앞으로 나온 상태에서, 가슴을 활짝펴고 곧게 섭니다."
137,2,팔꿈치를 살짝 구부려 팔의 개입을 최소화한 상태에서 케이블을 양손으로 잡습니다.
137,3,원을 그리듯 천천히 양팔을 모아주며 가슴 근육을 수축시킵니다.
137,4,가슴 근육의 이완을 느끼면서 천천히 팔을 내려줍니다.
138,1,"기울어진 벤치에 가슴을 펴고 누운 상태에서, 바벨을 어깨너비보다 조금 넓게 잡고 위로 들어올립니다."
138,2,가슴 근육의 이완을 느끼며 팔을 굽혀 바벨을 가슴 방향으로 내립니다.
138,3,가슴 근육의 수축을 느끼며 바닥의 수직방향으로 바벨을 밀어올립니다.
139,1,"덤벨을 양손에 들고 벤치에 가슴을 펴고 누운 상태에서, 덤벨을 수직으로 들어올립니다."
139,2,"덤벨이 가로로 놓이게 잡아주고, 가슴 근육의 이완을 느끼며 팔을 굽히며 덤벨을 아래로 내립니다."
139,3,가슴 근육의 수축을 느끼며 몸의 수직방향으로 덤벨을 밀어올립니다.
140,1,"딥스바의 폭을 어깨보다 살짝 넓게 셋팅한 상태에서, 손목이 꺾이지 않게 딥스바에 올라갑니다."
140,2,상체는 살짝 앞으로 기울인상태로 팔꿈치가 90도가 될때까지 팔을 굽혀 몸을 내립니다.
140,3,상체의 균형을 유지한채로 팔을 피면서 올라옵니다.
141,1,"중량 도구를 몸에 장착하고, 손목이 꺾이지 않게 딥스바에 올라갑니다."
141,2,상체는 살짝 앞으로 기울인상태로 팔꿈치가 90도가 될때까지 팔을 굽혀 몸을 내려줍니다.
141,3,상체의 균형을 유지한채로 팔을 피면서 올라옵니다.
142,1,"벤치에 등을 기대고 누운 뒤 손바닥을 서로 마주보게 덤벨을 잡아, 바닥의 수직 방향으로 양팔을 밀어올립니다."
142,2,팔꿈치는 자연스럽게 살짝 구부리면서 가슴 옆방향으로 팔을 천천히 펼쳐줍니다.
142,3,팔로 반원을 그리며 덤벨을 모아 시작 자세로 돌아옵니다.
143,1,양팔을 가슴 옆에 두고 바닥에 엎드립니다.
143,2,복근과 둔근에 힘을 준 상태로 팔꿈치를 피며 올라옵니다.
143,3,천천히 팔꿈치를 굽히며 시작 자세로 돌아갑니다.
144,1,양팔을 가슴 옆에 두고 바닥에 엎드립니다.
144,2,중량판이 떨어지지 않도록 등 위에 올려둡니다.
144,3,복근과 둔근에 힘을 준 상태로 팔꿈치를 피며 올라옵니다.
144,4,천천히 팔꿈치를 굽히며 시작 자세로 돌아갑니다.
145,1,"일반적인 푸시업 자세에서, 양발은 살짝 넓게 벌리고 엉덩이를 위로 올려줍니다."
145,2,"팔을 굽히면서 상체를 앞방향으로 밀어줍니다. 턱, 가슴, 복부 순으로 지면과 가까워지도록 움직입니다."
145,3,복근과 둔근의 긴장상태를 유지하며 상체를 일으켜 세웁니다.
145,4,팔을 뒤로 밀며 1번의 자세로 돌아갑니다.
146,1,기본 푸시업 자세보다 팔의 너비를 넓게 벌립니다.
146,2,"양손 끝을 바깥으로 벌린 상태로, 몸의 체중을 한쪽 팔에 실으면서 아래로 내려갑니다."
146,3,가슴에 긴장감을 유지하면서 1번의 자세로 돌아옵니다.
146,4,반대편 팔에 체중을 실으면서 아래로 내려갔다 올라옵니다.
147,1,가슴 아래에 양손을 모아 검지와 엄지 손가락이 ‘다이아몬드’ 형태가 되도록 놓고 푸시업 자세를 취합니다.
147,2,코어에 힘을 주며 바닥으로 천천히 내려갑니다. 이때 팔꿈치는 몸에 최대한 붙여줍니다.
147,3,손바닥으로 바닥을 밀면서 몸을 들어올려 시작 자세로 돌아갑니다.
149,1,"가슴을 활짝 편 상태로, 의자에 윗 등을 붙이고 앉습니다."
149,2,"양손으로 손잡이를 잡고, 가슴에 힘을 주면서 앞으로 밀어줍니다. (이때, 손잡이가 가슴 중앙에 위치할 수 있도록 벤치 높이를 조절합니다.)"
149,3,"가슴 근육의 이완을 느끼면서 팔꿈치를 뒤로 천천히 이동합니다. (이때, 손목과 팔꿈치가 일직선이 되도록 합니다.)"
150,1,"팔과 팔꿈치가 가슴 중앙에 위치할 수 있도록 머신을 조절한 후, 가슴을 펴고 의자에 앉습니다."
150,2,"팔꿈치는 직각을 만들어 패드에 붙이고, 팔을 가슴 안쪽으로 모아줍니다."
150,3,가슴의 이완에 집중하면서 팔을 벌립니다.
151,1,기울어진 벤치에 가슴을 활짝펴고 기대어 손잡이를 잡습니다.
151,2,가슴 근육의 수축을 느끼며 팔꿈치를 수직 방향으로 밀어올립니다.
151,3,중량을 가슴 근육으로 받는다는 생각으로 팔꿈치를 굽힙니다.
152,1,벤치에 등 상부를 대고 가슴을 펴고 눕습니다.
152,2,덤벨을 세로로 잡고 몸의 수직방향으로 들어올립니다.
152,3,덤벨을 머리 위쪽으로 멀리 보낸다고 생각하면서 천천히 내려줍니다.
152,4,가슴과 등의 자극을 느끼면서 천천히 2번의 자세로 돌아옵니다.
153,1,운동 중간에 몸이 뜨지 않도록 엉덩이를 의자 안쪽에 깊숙히 넣어 앉습니다.
153,2,아랫 가슴에 힘을 준상태로 손을 수직 아래 방향으로 밀어줍니다.
153,3,천천히 가슴과 삼두에 자극을 느끼며 처음의 자세로 돌아옵니다.
154,1,케이블을 최하단에 고정하고 손바닥을 앞쪽으로 향하도록 잡습니다.
154,2,"케이블 가운데서 한 걸음 정도 앞으로 나온 상태에서, 가슴을 활짝펴고 곧게 섭니다."
154,3,케이블의 경로를 거꾸로된 V 모양을 그리면서 손을 턱 앞까지 모아줍니다.
154,4,윗 가슴의 자극을 느끼면서 천천히 시작 자세로 돌아갑니다.
155,1,벤치에 누워 양손으로 그립을 잡아줍니다.
155,2,허리를 벤치에 붙이기보다 아치형을 만든 상태에서 기구를 위로 들어올립니다. 이때 팔을 완전히 뻗는다기 보다는 가슴 근육을 수축시켜 준다는 느낌으로 들어올립니다.
155,3,가슴 근육의 이완을 느끼면서 천천히 시작 자세로 돌아갑니다.
156,1,"벤치에 가슴을 펴고 누운 상태에서, 바벨을 어깨너비보다 조금 넓게 잡고 위로 들어올립니다."
156,2,가슴 근육의 이완을 느끼며 팔을 굽혀 바벨을 가슴 방향으로 내립니다. 이때 등을 타이트하게 잡아 바벨이 가슴에 닿지 못할 만큼 온몸에 강한 텐션을 유지합니다.
156,3,"온몸의 강한 텐션을 유지한채로, 가슴 근육의 수축을 느끼며 몸의 수직방향으로 바벨을 밀어올립니다."
157,1,보조 받고 싶은 중량을 설정합니다. 중량이 클수록 더 많이 보조를 받게됩니다.
157,2,"손목이 꺾이지 않게 딥스 바에 올라가면서, 받침대에 양무릎을 올려 체중을 실어줍니다."
157,3,상체는 살짝 앞으로 기울신 상태로 팔꿈치가 90도가 될때까지 팔을 굽혀 몸을 내립니다.
157,4,상체의 균형을 유지한채로 팔을 피면서 올라옵니다.
158,1,"기울어진 벤치에 가슴을 펴고 누운 상태에서, 바벨을 어깨 너비보다 조금 넓게 잡아 지면의 수직방향으로 들어올립니다."
158,2,가슴 근육의 이완을 느끼며 팔을 굽혀 바벨을 아랫 가슴 방향으로 내립니다.
158,3,가슴 근육의 수축을 느끼며 바닥의 수직방향으로 바벨을 밀어올립니다.
159,1,"바닥에 가슴을 펴고 누운 상태에서, 바벨을 어깨너비보다 조금 넓게 잡고 위로 들어올립니다."
159,2,가슴 근육의 이완을 느끼며 팔을 굽혀 바벨을 가슴 방향으로 내립니다.
159,3,가슴 근육의 수축을 느끼며 몸의 수직방향으로 바벨을 밀어올립니다.
160,1,양팔을 가슴 옆에 두고 바닥에 엎드립니다.
160,2,복근과 둔근에 힘을 준 상태로 팔꿈치를 힘차게 피며 올라옵니다.
160,3,양손이 바닥에서 떨어질만큼 상체를 밀어올린 상태에서 박수를 칩니다.
160,4,양팔로 중량을 유지하면서 시작 자세로 돌아갑니다.
161,1,"벤치에 등을 기대고 누운 뒤 손바닥을 서로 마주보게 덤벨을 잡아, 바닥의 수직 방향으로 양팔을 밀어올립니다."
161,2,팔꿈치는 자연스럽게 살짝 구부리면서 가슴 옆방향으로 팔을 천천히 펼쳐줍니다.
161,3,팔로 반원을 그리며 덤벨을 모아 시작 자세로 돌아옵니다.
162,1,"양팔을 단차가 있는 구조물 위에, 가슴 너비보다 조금 넓게 위치시킵니다."
162,2,천천히 팔꿈치를 굽히면서 가슴에 구조물이 닿을때까지 내려갑니다.
162,3,복근과 둔근에 힘을 준 상태로 팔꿈치를 피며 올라옵니다.
163,1,엉덩이를 최대한 높이 들어올린 상태로 양손과 양발을 바닥에 고정합니다.
163,2,이마가 바닥에 닿는다는 느낌으로 천천히 팔꿈치를 굽혀 내려갑니다.
163,3,전면 삼각근과 삼두의 힘을 이용하여 다시 시작 자세로 돌아갑니다.
164,1,"가슴을 활짝 편 상태로, 기울어진 벤치에 등을 붙이고 앉습니다."
164,2,"양손으로 손잡이를 잡고, 가슴에 힘을 주면서 앞으로 밀어줍니다."
164,3,가슴 근육의 이완을 느끼면서 팔꿈치를 뒤로 천천히 이동합니다.
165,1,"덤벨을 양손에 들고 기울어진 벤치에 가슴을 펴고 누운 상태에서, 덤벨을 바닥에 수직하게 들어올립니다."
165,2,"덤벨이 가로로 놓이게 잡아주고, 가슴 근육의 이완을 느끼며 팔을 굽혀 덤벨을 아래로 내립니다."
165,3,가슴 근육의 수축을 느끼며 덤벨을 90도 회전시키면서 덤벨을 밀어올립니다.
166,1,벤치에 가슴을 펴고 누운 상태에서 양손으로 케이블을 잡습니다.
166,2,팔꿈치를 살짝 구부려 팔의 개입이 최소화할 수 있도록 자세를 잡습니다.
166,3,원을 그리듯 천천히 양팔을 모아주며 가슴 근육을 수축시킵니다.
166,4,가슴 근육의 이완을 느끼면서 천천히 팔을 내려줍니다.
168,1,"양발을 골반너비로 적당히 벌리고, 덤벨을 양손으로 잡고 섭니다."
168,2,덤벨을 잡은 양팔의 팔꿈치를 직각으로 만들면서 머리 뒤로 넘깁니다.
168,3,팔꿈치를 고정한 상태로 덤벨을 위로 들어올립니다.
169,1,덤벨을 쥔 팔의 상완근 부위(삼두)가 바닥과 평행하도록 자세를 잡습니다.
169,2,팔꿈치를 고정한 상태로 덤벨을 다리쪽으로 멀리 보낸다는 생각으로 들어올립니다.
169,3,"삼두근을 일정기간 수축한뒤, 덤벨을 내리며 시작 자세로 돌아옵니다."
171,1,"케이블을 바라본 상태에서, 허리를 살짝 숙이고 엉덩이는 뒤로 빼줍니다."
171,2,"어깨와 팔꿈치가 일직선상에 있도록 고정한 상태로, 케이블을 몸쪽으로 당겨줍니다. 팔꿈치는 최대한 펴줍니다."
171,3,"삼두에 자극을 느끼면서 팔꿈치를 천천히 굽혀, 시작 자세로 돌아갑니다."
172,1,"양발을 어깨너비로 적당히 벌려 서고, 바벨을 어깨보다 살짝 넓게 잡고 섭니다."
172,2,"팔꿈치를 고정한 상태에서, 이두의 힘으로 바벨을 들어올립니다."
172,3,이두의 긴장감을 유지하면서 바벨을 천천히 내립니다.
173,1,"양발을 어깨너비로 적당히 벌려 서고, 이지바를 어깨너비만큼 잡고 섭니다."
173,2,"팔꿈치를 고정한 상태에서, 이두의 힘으로 바를 들어올립니다."
173,3,이두의 긴장감을 유지하면서 바를 천천히 내립니다.
174,1,"양 손바닥이 마주보게 덤벨을 잡고, 몸을 곧게 펴고 섭니다."
174,2,"팔꿈치를 고정한 상태로, 덤벨을 최대한 들어 올립니다."
174,3,천천히 덤벨을 내려 시작 자세로 돌아옵니다.
175,1,"벤치에 가슴을 펴고 누운 상태에서, 바벨을 어깨너비보다 조금 좁게 잡고 위로 들어올립니다."
175,2,삼두근의 이완을 느끼면서 바벨을 가슴 하부 방향으로 천천히 내립니다.
175,3,삼두근의 수축을 느끼며 몸의 수직방향으로 바벨을 밀어올립니다.
176,1,덤벨을 양손으로 잡고 의자에 허리를 곧게 세우고 앉습니다.
176,2,덤벨을 잡은 양팔의 팔꿈치를 직각으로 만들면서 머리뒤로 넘깁니다.
176,3,팔꿈치를 고정한 상태로 덤벨을 위로 들어올립니다.
177,1,"케이블 머신에 로프를 연결하고, 로프를 앞으로 당기면서 상체를 숙여줍니다."
177,2,"팔꿈치를 고정한 상태에서, 천천히 로프를 앞으로 밀면서 팔을 펴줍니다."
177,3,삼두에 자극을 느끼면서 천천히 시작 자세로 돌아갑니다.
178,1,"벤치에 양손을 올린 뒤, 바벨을 언더 그립(손바닥을 위로 향하게 잡는 방법)으로 잡습니다."
178,2,손목을 아래쪽으로 젖혀주면서 손가락을 살짝 풀어줍니다.
178,3,손가락과 손목을 최대한 높이 말아올리면서 전완근을 수축시켜줍니다.
179,1,"벤치에 양손을 올린 뒤, 이지바를 언더 그립(손바닥을 위로 향하게 잡는 방법)으로 잡습니다."
179,2,손목을 아래쪽으로 젖혀주면서 손가락을 살짝 풀어줍니다.
179,3,손가락과 손목을 최대한 높이 말아올리면서 전완근을 수축시켜줍니다.
180,1,"벤치에 팔을 댄 상태로, 덤벨을 언더 그립(손바닥을 위로 향하게 잡는 방법)으로 잡습니다."
180,2,손목을 아래쪽으로 젖혀주면서 손가락을 살짝 풀어줍니다.
180,3,손가락과 손목을 최대한 높이 말아올리면서 전완근을 수축시켜줍니다.
181,1,벤치에 누워 양손으로 바를 잡아 수직으로 들어올립니다.
181,2,"팔꿈치를 고정한 상태에서, 이마에 닿을 높이까지 바를 내려줍니다."
181,3,내려온 동선을따라 바를 들어올려 시작 자세로 돌아갑니다.
182,1,벤치에 누워 양손으로 바를 잡아 수직으로 들어올립니다.
182,2,"팔꿈치를 고정한 상태에서, 이마를 넘겨 정수리 위까지 바를 내려줍니다."
182,3,내려온 동선을따라 바를 들어올려 시작 자세로 돌아갑니다.
183,1,"양손에 덤벨을 든 상태로, 가슴을 경사면에 기대고 양팔은 경사면 위에 올려줍니다."
183,2,"상체와 팔꿈치를 고정한 상태를 유지하며, 이두근의 수축을 느끼며 덤벨을 당겨 올립니다."
183,3,이때 가동범위를 최대한 살려 전완이 지면과 수직을 이루는 지점까지 말아올릴 수 있도록 합니다.
183,4,천천히 덤벨을 내리다가 팔이 완전히 펴지기 직전에 멈춥니다.
184,1,"양손에 바벨을 든 상태로, 가슴을 경사면에 기대고 양팔은 경사면 위에 올려줍니다."
184,2,"상체와 팔꿈치를 고정한 상태를 유지하며, 이두근의 수축을 느끼며 바벨을 당겨 올립니다."
184,3,이때 가동범위를 최대한 살려 전완이 지면과 수직을 이루는 지점까지 말아올릴 수 있도록 합니다.
184,4,천천히 바벨을 내리다가 팔이 완전히 펴지기 직전에 멈춥니다.
185,1,"양손에 이지바를 든 상태로, 가슴을 경사면에 기대고 양팔은 경사면 위에 올려줍니다."
185,2,"상체와 팔꿈치를 고정한 상태를 유지하며, 이두근의 수축을 느끼며 이지바를 당겨 올립니다."
185,3,이때 가동범위를 최대한 살려 전완이 지면과 수직을 이루는 지점까지 말아올릴 수 있도록 합니다.
185,4,천천히 이지바를 내리다가 팔이 완전히 펴지기 직전에 멈춥니다.
186,1,가슴은 경사면에 기댄 상태에서 양손으로 손잡이를 잡아 경사면 위에 올려줍니다.
186,2,"상체와 팔꿈치를 고정한 상태를 유지하며, 이두근의 수축을 느끼며 손잡이를 당겨 올립니다."
186,3,이때 가동범위를 최대한 살려 전완이 지면과 수직을 이루는 지점까지 말아올릴 수 있도록 합니다.
186,4,천천히 손잡이를 내리다가 팔이 완전히 펴지기 직전에 멈춥니다.
187,1,겨드랑이를 패드에 밀착시킨 상태로 기구에 앉습니다.
187,2,팔꿈치를 고정한 상태로 이두에 힘을주어 팔을 당겨 올립니다.
187,3,이두에 자극을 느끼며 천천히 팔을 내려 처음의 자세로 돌아갑니다.
188,1,"케이블을 최하단에 고정한 상태에서, 상체를 곧게 펴고 양손으로 그립을 잡습니다."
188,2,팔꿈치를 고정한 상태에서 이두의 힘으로 팔을 당겨 올립니다.
188,3,이두근의 자극을 느끼며 천천히 시작 자세로 돌아갑니다.
189,1,로프를 케이블 상단에 걸고 양손으로 로프를 잡습니다.
189,2,케이블을 등지고 선 상태에서 한발을 앞으로 내밀고 상체를 앞으로 기울이고 무릎을 살짝 구부린 상태를 유지합니다.
189,3,팔꿈치를 머리 옆에 고정한 상태를 유지하면서 팔을 힘차게 앞으로 뻗습니다.
189,4,삼두의 자극을 느끼면서 천천히 시작 자세로 돌아갑니다.
190,1,벤치에 누워 양손으로 바를 잡아 수직으로 들어올립니다.
190,2,"팔꿈치를 고정한 상태에서, 이마를 넘겨 정수리 위까지 바를 내려줍니다."
190,3,내려온 동선을따라 바를 들어올려 시작 자세로 돌아갑니다.
191,1,"바벨을 손등이 하늘을 향한 상태에서 어깨너비보다 약간 좁게 잡고, 벤치 위에 전완부를 올려놓습니다."
191,2,손목을 바닥 방향으로 구부리면서 바벨을 내립니다.
191,3,손목을 위로 최대한 끌어올린다는 생각으로 바벨을 들어올립니다.
192,1,"벤치에 앉아 손등이 하늘을 향하도록 덤벨을 잡고, 허벅지 위에 전완부를 올려놓습니다."
192,2,손바닥을 바닥 방향으로 구부리면서 덤벨을 내립니다.
192,3,손바닥을 위로 최대한 끌어올린다는 생각으로 덤벨을 들어올립니다.
193,1,양손으로 덤벨을 들고 인클라인 벤치에 앉습니다.
193,2,운동중 상체가 움직이지 견갑을 고정한 상태로 팔과 덤벨이 바닥과 수직이 되도록 자세를 잡습니다.
193,3,"이두근으로만 덤벨을 들어올린다는 생각으로 팔을 구부립니다. (이때, 팔꿈치가 움직이지 않도록 고정된 상태를 유지합니다.)"
193,4,구부린 팔을 펴면서 시작 자세로 돌아갑니다.
194,1,양손을 어깨너비만큼 벌려 벤치 모서리를 잡아줍니다. (어깨의 유연성이 부족하다고 생각된다면 어깨너비 보다 넓게 벌려 잡습니다.)
194,2,발의 위치에 따라 강도가 조절되므로 적당한 위치를 설정합니다. (몸에서 멀어질수록 강도가 올라가고 가까워질수록 강도가 약해집니다.)
194,3,팔을 굽혀서 몸을 수직방향으로 내립니다. 이때 양 팔꿈치를 뒤쪽 직각방향으로 움직일수 있도록 합니다.
194,4,삼두근의 자극을 느끼며 몸을 밀어올려 시작자세로 돌아갑니다.
195,1,"롤러의 손잡이를 손등이 하늘을 향하도록 잡은 상태에서, 양팔을 앞으로 쭉 펴줍니다."
195,2,양팔이 펴진 상태를 유지하면서 한손으로 최대한 감을수 있을만큼 크게 손잡이를 돌려줍니다.
195,3,양손을 번갈아 한번씩 감아줍니다.
195,4,롤러를 다 감았으면 반대 방향으로 손잡이를 감으며 롤러를 풀어줍니다.
196,1,"양발을 어깨너비로 적당히 벌려선 상태에서, 손등이 앞을 바라보도록 바벨을 잡습니다."
196,2,팔꿈치를 고정한 상태에서 이두의 힘으로 바벨을 들어올립니다. 이때 어깨가 말리지 않도록 가슴을 활짝편 상태를 유지합니다.
196,3,이두의 긴장감을 유지하면서 바벨을 천천히 내립니다.
197,1,머신에 앉은 상태에서 패드에 팔꿈치를 대고 양손으로 손잡이를 잡습니다.
197,2,팔꿈치를 고정한 상태에서 천천히 팔을 펴줍니다.
197,3,삼두에 자극을 느끼면서 천천히 시작 자세로 돌아갑니다.
199,1,"다리를 골반너비로 벌리고, 상체를 숙여 손등이 위로 향하게끔 덤벨을 잡습니다."
199,2,"허리가 구부러지지 않게 중립 상태를 유지한 채로, 무릎 높이로 덤벨을 들어올린다."
199,3,팔꿈치를 몸쪽으로 붙인다는 생각으로 팔을 굽혀 덤벨을 복부까지 끌어당겨 줍니다.
199,4,등의 자극을 느끼며 덤벨을 내려 2번의 자세로 돌아갑니다.
200,1,"등을 곧게 피고 상체를 기울인 상태로, 운동하지 않는 손과 무릎을 벤치에 고정시킵니다."
200,2,"덤벨을 잡은 손을 아래로 펴서, 등 근육을 이완 시켜줍니다."
200,3,덤벨을 옆구리까지 힘차게 들어올립니다.
200,4,등(광배근)의 자극을 느끼며 덤벨을 내려 2번의 자세로 돌아갑니다.
201,1,양 발을 어깨너비만큼 벌린 상태로 케이블을 바라보고 섭니다.
201,2,양손을 어깨너비보다 살짝 넓게 벌려 케이블에 연결한 바를 잡습니다. (엄지가 올라가는 썸리스그립으로 잡으면 광배근에 더 큰 자극을 줄 수 있습니다.)
201,3,"무릎을 살짝 굽히고 상체를 45도 각도로 숙인 상태에서 광배근의 자극을 느끼며 팔을 아래로 당깁니다. 이때, 팔이 굽혀지지 않게 힘을 준 상태로 삼두를 광배에 붙여준다고 생각하면서 등을 수축합니다."
201,4,가슴을 활짝 편 상태로 광배에 자극을 느끼면서 천천히 시작 자세로 돌아갑니다.
202,1,케이블을 마주보고 앉아 발판에 발을 올린후 무릎을 살짝 굽혀줍니다.
202,2,허리를 펴고 가슴을 내민 상태에서 케이블을 잡아 당깁니다. 이때 등 중앙부를 접는다는 느낌으로 팔꿈치를 척추쪽으로 모아줍니다.
202,3,중량을 등으로 버티면서 천천히 팔을 펴서 시작 자세로 돌아갑니다.
203,1,"발은 어깨너비 정도로 벌리고, 가슴을 세우고 허리에 긴장감을 유지합니다."
203,2,"골반을 뒤로 빼고 인사하듯 상체를 숙여줍니다. (이때, 척추를 곧게 펴고 유지할 수 있는만큼만 상체를 숙여줍니다.)"
203,3,허리에 긴장감을 유지하면서 일어납니다.
204,1,"팔을 어깨 너비만큼 벌리고, 손바닥이 앞을 바라본 상태로 바를 잡고매달립니다."
204,2,가슴을 편 상태로 바를 구부려 준다는 느낌으로 팔을 당겨 올라갑니다.
204,3,상체가 흔들리지 않도록 자세를 유지하면서 내려옵니다.
205,1,"중량 도구를 몸에 장착하고, 팔을 어깨 너비보다 살짝 넓게 벌린 상태로 바에 매달립니다."
205,2,가슴을 편 상태로 바를 구부려 준다는 느낌으로 팔을 당겨 올라갑니다.
205,3,등에 자극을 느끼면서 내려와 시작 자세로 돌아갑니다.
206,1,"팔을 어깨 너비만큼 벌리고, 손등이 앞을 바라본 상태로 바를 잡고 매달립니다."
206,2,가슴을 핀 상태로 팔을 당겨 몸을 끌어올립니다.
206,3,상체가 흔들리지 않도록 자세를 유지하면서 내려옵니다.
207,1,"중량 도구를 몸에 장착하고, 손등이 앞을 바라본 상태로 바를 잡고 매달립니다."
207,2,가슴을 핀 상태로 팔을 당겨 몸을 끌어올립니다.
207,3,상체가 흔들리지 않도록 자세를 유지하면서 내려옵니다.
210,1,"경사진 벤치에 몸을 기대고, 어깨너비보다 조금 넓게 바벨을 잡습니다."
210,2,"복부와 가슴을 벤치에 밀착시킨 상태로, 바벨을 배꼽방향으로 힘차게 당겨 올립니다."
210,3,천천히 팔을 피면서 시작 자세로 돌아갑니다.
211,1,양손에 덤벨을 잡고 경사진 벤치에 몸을 기대어 복부와 가슴을 벤치에 밀착하여 엎드립니다.
211,2,팔꿈치를 옆구리에 붙인다는 느낌으로 덤벨을 복부 아래쪽으로 힘차게 당겨 올립니다.
211,3,천천히 팔을 피면서 시작 자세로 돌아갑니다.
212,1,고정된 바를 어깨너비보다 살짝 넓게 잡고 상체를 곧게 편 상태로 메달립니다.
212,2,"엉덩이가 쳐지지 않게 등을 평평하게 유지한 상태로, 바에 가슴이 닿을정도로 힘껏 당깁니다."
212,3,올라온 동선의 역방향으로 천천히 몸을 내려 1번의 자세로 돌아갑니다.
213,1,"바벨을 어깨너비로 잡고 벤치에 가슴을 펴고 누운 상태에서, 바벨을 수직으로 들어올립니다."
213,2,"팔꿈치가 하늘을 향하도록 살짝 구부린 상태에서, 바벨을 머리 뒤로 큰 호를 그리며 내려줍니다."
213,3,"팔꿈치를 고정한 상태에서, 내려갔던 동선을 따라 바벨을 밀어올립니다."
214,1,"기구에 앉아 상체를 고정한 상태에서, 손잡이를 양손으로 잡습니다."
214,2,"등이 굽지 않고 곧게 편 상태를 유지하며 팔꿈치를 몸에 붙여 당깁니다. (이때, 팔 힘이아닌 등의 힘을 사용하여 등에 자극이 느껴지도록 합니다.)"
214,3,등의 긴장감을 유지하며 천천히 팔을 펴줍니다.
215,1,"허벅지 지지대의 높낮이를 알맞게 조절하고, 바를 어깨너비보다 넓게 잡고 의자에 앉습니다."
215,2,"허벅지를 지지대에 고정하고 가슴을 편상태로, 바가 쇄골에 닿을정도로 바를 당겨줍니다. (이때, 팔이 아닌 등(광배근)의 힘으로 바를 당겨줍니다.)"
215,3,광배근이 이완하는 것을 느끼면서 천천히 팔을 폅니다.
217,1,"얼굴이 바닥을 향한 상태로, 발뒤꿈치와 허벅지를 머신에 고정시킵니다."
217,2,"양손으로 중량판을 고정한 상태로, 등 하부 근육이 이완되는걸 느끼면서 상체를 숙여줍니다."
217,3,"등 하부의 자극을 느끼면서, 상체를 들어올립니다."
218,1,양손과 양발을 적당히 벌린 상태로 바닥에 엎드립니다.
218,2,"턱을 당겨 척추 라인을 곧게 편 상태로, 등 하부에 수축을 느끼면서 팔꿈치와 무릎을 들어올립니다."
218,3,"등 하부에 긴장감을 느끼면서 천천히 팔, 다리를 내려 시작 자세로 돌아옵니다."
219,1,골반너비로 다리를 벌린 상태로 로우 머신을 몸의 중앙에 위치시킵니다.
219,2,"허리가 구부러지지 않게 중립 상태를 유지한 채로, 머신을 양손으로 잡습니다."
219,3,팔꿈치를 몸쪽으로 붙인다는 생각으로 팔을 굽혀 머신을 복부까지 끌어당겨 줍니다.
219,4,등의 자극을 느끼며 머신을 내려 2번의 자세로 돌아갑니다.
220,1,"허벅지 지지대의 높낮이를 알맞게 조절하고, 맥그립을 양손으로 잡고 의자에 앉습니다."
220,2,"허벅지를 지지대에 고정하고 가슴을 편상태로, 맥그립이 쇄골에 닿을정도로 당겨줍니다. 이때, 팔이 아닌 등(광배근)의 힘으로 바를 당겨줍니다."
220,3,광배근이 이완하는 것을 느끼면서 천천히 팔을 폅니다.
221,1,"허벅지 지지대의 높낮이를 알맞게 조절하고, 패러럴그립을 양손으로 좁게 잡고 의자에 앉습니다."
221,2,"허벅지를 지지대에 고정하고 가슴을 편상태로, 패러럴그립이 쇄골에 닿을정도로 당겨줍니다. 이때, 팔이 아닌 등(광배근)의 힘으로 바를 당겨줍니다."
221,3,광배근이 이완하는 것을 느끼면서 천천히 팔을 폅니다.
222,1,"허벅지 지지대의 높낮이를 알맞게 조절하고, 바를 어깨너비만큼 벌려 언더그립(손바닥이 위를 향하도록 잡는 방법)으로 잡고 의자에 앉습니다."
222,2,"허벅지를 지지대에 고정하고 가슴을 편상태로, 바가 쇄골에 닿을정도로 당겨줍니다. 이때, 팔이 아닌 등(광배근)의 힘으로 바를 당겨줍니다."
222,3,광배근이 이완하는 것을 느끼면서 천천히 팔을 폅니다.
223,1,"골반너비로 다리를 벌리고, 상체를 숙여 손등이 위로 향하게끔 바벨을 잡습니다."
223,2,"허리가 구부러지지 않게 중립 상태를 유지한 채로, 무릎 높이로 바벨을 들어올립니다."
223,3,팔꿈치를 몸쪽으로 붙인다는 생각으로 팔을 굽혀 바벨을 복부까지 끌어당겨 줍니다.
223,4,바벨을 최대 높이로 당긴 자세를 2~3초간 유지합니다.
223,5,등의 자극을 느끼며 바벨을 내려 2번 자세로 돌아갑니다.
224,1,보조 받고 싶은 중량을 설정합니다. 중량이 클수록 더 많이 보조를 받게됩니다.
224,2,"팔을 어깨 너비보다 넓게 벌리고 바를 잡은 상태에서, 받침대에 양발을 올려 체중을 실어줍니다."
224,3,가슴을 편 상태로 바를 구부려 준다는 느낌으로 팔을 당겨 올라갑니다.
224,4,상체가 흔들리지 않도록 자세를 유지하면서 내려옵니다.
225,1,상체를 곧게 펴고 바닥에 앉아 손잡이를 양손으로 잡습니다.
225,2,"허리를 펴고 가슴을 내민 상태에서, 등 중앙부를 접는다는 느낌으로 팔꿈치를 몸에 붙여 당깁니다."
225,3,등의 긴장감을 유지하며 천천히 팔을 펴줍니다.
227,1,"골반너비로 다리를 벌리고, 상체를 숙여 손바닥이 위로 향하게끔 바벨을 잡습니다."
227,2,"허리가 구부러지지 않게 중립 상태를 유지한 채로, 무릎 높이로 바벨을 들어올립니다."
227,3,팔꿈치를 몸쪽으로 붙인다는 생각으로 팔을 굽혀 바벨을 복부까지 끌어당겨 줍니다.
227,4,등의 자극을 느끼며 바벨을 내려 2번 자세로 돌아갑니다.
228,1,"벤치에 엎드린 상태로, 어깨너비보다 조금 넓게 바벨을 잡습니다."
228,2,"복부와 가슴을 벤치에 밀착시킨 상태로, 바벨을 배꼽방향으로 힘차게 당겨 올립니다."
228,3,천천히 팔을 피면서 시작 자세로 돌아갑니다.
229,1,"허벅지 지지대의 높낮이를 알맞게 조절하고, 바를 어깨너비보다 넓게 잡고 의자에 앉습니다."
229,2,"허벅지를 지지대에 고정하고 가슴을 편상태로, 바를 머리뒤로 당겨 목에 닿을정도로 바를 당겨줍니다. (이때, 팔이 아닌 등(광배근)의 힘으로 바를 당겨줍니다.)"
229,3,광배근이 이완하는 것을 느끼면서 천천히 팔을 폅니다.
230,1,양 발을 어깨너비만큼 벌린 상태로 케이블을 바라보고 섭니다.
230,2,"한 손으로 케이블을 잡고 광배근의 자극을 느끼며 팔을 아래로 당깁니다. 이때, 팔이 굽혀지지 않게 힘을 준 상태로 삼두를 광배에 붙여준다고 생각하면서 등을 수축합니다."
230,3,가슴을 활짝 편 상태로 광배에 자극을 느끼면서 천천히 시작 자세로 돌아갑니다.
231,1,"허벅지 지지대의 높낮이를 알맞게 조절하고, 손잡이를 어깨너비보다 넓게 잡고 의자에 앉습니다."
231,2,"허벅지를 지지대에 고정하고 가슴을 편상태로, 손잡이를 잡은 한손의 팔꿈치를 옆구리 방향으로 힘차게 내립니다. (이때, 견갑골을 모으면서 팔꿈치는 바닥과 수직방향으로 움직입니다.)"
231,3,광배근이 이완하는 것을 느끼면서 천천히 팔을 폅니다.
232,1,"기구에 앉아 상체를 고정한 상태에서, 손잡이를 양손으로 잡습니다."
232,2,"등 근육의 자극을 느끼면서 팔꿈치를 몸에 붙여 당깁니다. (이때, 팔 힘이 아닌 등의 힘을 사용하여 등에 자극이 느껴지도록 합니다.)"
232,3,등의 긴장감을 유지하며 천천히 팔을 펴줍니다.
233,1,"기구에 앉아 상체를 고정한 상태에서, 손잡이를 한손으로 잡습니다."
233,2,"등 근육의 자극을 느끼면서 팔꿈치를 몸에 붙여 당깁니다. (이때, 팔 힘이 아닌 등의 힘을 사용하여 등에 자극이 느껴지도록 합니다.)"
233,3,등의 긴장감을 유지하며 천천히 팔을 펴줍니다.
234,1,"기구에 앉아 상체를 고정한 상태에서, 손잡이를 양손으로 잡습니다."
234,2,"등 근육의 자극을 느끼면서 팔꿈치를 몸에 붙여 당깁니다. (이때, 팔 힘이 아닌 등의 힘을 사용하여 등에 자극이 느껴지도록 합니다.)"
234,3,등의 긴장감을 유지하며 천천히 팔을 펴줍니다.
235,1,"기구에 앉아 상체를 고정한 상태에서, 손잡이를 언더그립(손바닥이 하늘을 향한 상태)으로 잡습니다."
235,2,"등 근육의 자극을 느끼면서 팔꿈치를 몸에 붙여 당깁니다. (이때, 팔 힘이 아닌 등의 힘을 사용하여 등에 자극이 느껴지도록 합니다.)"
235,3,등의 긴장감을 유지하며 천천히 팔을 펴줍니다.
236,1,"기구에 앉아 상체를 고정한 상태에서, 손잡이를 한손으로 잡습니다."
236,2,"등 근육의 자극을 느끼면서 팔꿈치를 몸에 붙여 당깁니다. (이때, 팔 힘이 아닌 등의 힘을 사용하여 등에 자극이 느껴지도록 합니다.)"
236,3,등의 긴장감을 유지하며 천천히 팔을 펴줍니다.
237,1,케이블을 마주보고 앉아 발판에 발을 올린후 무릎을 살짝 굽혀줍니다.
237,2,허리를 펴고 가슴을 내민 상태에서 케이블을 한손으로 잡아 당깁니다.
237,3,"이때 상체의 균형은 유지하면서 광배근이 최대로 수축될 수 있도록, 팔꿈치를 등뒤로 힘껏 잡아 당겨줍니다."
237,4,중량을 등으로 버티면서 천천히 팔을 펴서 시작 자세로 돌아갑니다.
238,1,"무릎을 구부리고 바닥에 누워서, 발이 바닥과 떨어지지 않게 합니다."
238,2,배의 근육을 이용해 상체를 들어올립니다.
238,3,복근에 힘을 유지하면서 시작 자세로 돌아갑니다.
240,1,"무릎을 굽히고 바닥에 누워, 양손은 가슴 앞이나 머리 뒤로 올려 고정합니다."
240,2,"등 전체가 아닌 상체 윗부분만 서서히 들어올려, 복근의 윗 부분의 수축감을 느낀다. (이때 가슴을 펴서 척추의 자극을 최소화합니다.)"
240,3,윗 복근의 긴장감을 느끼면서 천천히 내려옵니다.
241,1,무릎을 굽히고 양손은 엉덩이 옆에 둔채로 바닥에 눕습니다.
241,2,"복부의 힘으로 상체를 들어올려 복근에 긴장감을 유지한 상태에서, 한쪽 손으로 같은쪽 복숭아뼈를 터치합니다."
241,3,반대쪽 손도 마찬가지로 복숭아뼈를 터치하고 시작 자세로 돌아옵니다.
242,1,"바닥에 똑바로 누운 상태에서, 팔을 골반옆에 위치시켜 바닥을 지지할 수 있도록 합니다."
242,2,"등을 바닥에 밀착시킨 상태로, 무릎을 최대한 피면서 다리를 들어올립니다."
242,3,허리가 뜨지 않도록 복근에 힘을 주면서 천천히 다리를 내려줍니다.
243,1,"철봉에 매달린 상태에서 상,하체를 곧게 폅니다."
243,2,"복부와 등에 힘을 주어 자세를 유지하면서, 무릎을 골반 높이까지 끌어 올립니다."
243,3,"복근의 긴장감을 유지하면서, 다리를 내려 시작 자세로 돌아옵니다."
245,1,등과 허리를 바닥에 붙인 상태로 하늘을 보고 눕습니다.
245,2,"허리가 바닥에 떨어지지 않게 유의하면서, 양손은 머리 위로 올리고 다리는 살짝 들어줍니다."
245,3,복근의 긴장을 유지하면서 앞뒤로 오뚝이처럼 움직입니다.
246,1,등과 허리를 바닥에 붙인 상태로 하늘을 보고 눕습니다.
246,2,"허리가 바닥에 떨어지지 않게 유의하면서, 양손은 머리 위로 올리고 다리는 살짝 들어줍니다."
246,3,복근에 긴장감을 느끼며 자세를 유지합니다.
247,1,손목과 팔꿈치를 바닥에 댄 상태로 바닥에 엎드립니다.
247,2,"팔꿈치와 어깨를 동일선상에 놓은 상태에서, 복부와 엉덩이에 힘을 주며 몸을 밀어 올립니다."
247,3,등을 평평하게 만든다는 생각으로 팔꿈치로 바닥을 밀며 자세를 유지합니다.
248,1,"양발을 어깨너비만큼 벌린 상태에서, 한쪽 손에 덤벨을 들고 덤벨을 몸과 일직선이 되도록 곧게 섭니다."
248,2,"숨을 들이마시면서, 덤벨을 들고있는 손 방향으로 허리를 천천히 구부려 줍니다."
248,3,복근의 긴장감을 유지하면서 허리를 펴줍니다.
249,1,"바닥에 무릎을 대고, 바벨(혹은 이지바)을 어깨너비로 잡아 어깨 아래에 위치시킵니다."
249,2,"천천히 바벨을 밀어 내려갈 수 있는 만큼 몸을 낮춥니다. (이때 엉덩이가 뒤로 빠지지 않게하여, 상체와 무릎이 일직선이 되도록합니다.)"
249,3,복부에 긴장감을 유지한채로 시작 자세로 되돌아옵니다.
250,1,바닥에 등을 대고 누워 양손으로 가볍게 머리를 감싸줍니다.
250,2,오른쪽 상체를 비틀어 들어올림과 동시에 왼쪽 무릎을 당겨 올려줍니다.
250,3,"들어올린 오른쪽 상체와 왼쪽 무릎을 내리고, 왼쪽 상체를 비틀어 올리면서 오른쪽 무릎을 당겨 올립니다."
252,1,"팔을 어깨 너비만큼 벌리고, 손바닥이 앞을 바라본 상태로 바를 잡고 매달립니다."
252,2,아랫 배에 힘을 주어 양다리를 위로 말아 올려줍니다.
252,3,복근에 자극을 느끼며 천천히 양다리를 내려줍니다.
253,1,운동중 하체가 움직이지 않도록 발판에 양발을 올리고 기구에 앉습니다.
253,2,손잡이를 양손으로 잡은 상태에서 복근에 자극을 느끼며 상체를 앞으로 숙여줍니다.
253,3,굽었던 상체를 천천히 피면서 처음의 자세로 돌아갑니다.
254,1,"이 운동은 복잡한 동작으로, 적절한 지도가 가능한 트레이너와 상담하는 것을 추천합니다."
254,2,"시작 자세: 양발을 골반보다 약간 넓게 벌리고, 어깨보다 조금 넓게 바벨을 잡고 무릎 위에 위치 시킵니다."
254,3,"몸통 펴고 잡아 채기: 지면의 수직 방향으로 발목, 무릎, 고관절을 강하고 빠르게 신전하여, 바벨을 던지듯이 추켜올립니다."
254,4,"앉아 받고 일어서기: 바벨을 위로 던진 상태에서 아래로 내려가 바벨을 앉아서 받고, 신체 균형을 유지하면서 일어섭니다."
255,1,"이 운동은 복잡한 동작으로, 적절한 지도가 가능한 트레이너와 상담하는 것을 추천합니다."
255,2,"시작 자세: 양발을 골반보다 약간 넓게 벌리고, 바벨을 넓게 잡고 무릎 위에 위치 시킵니다."
255,3,"몸통 펴고 잡아 채기: 지면의 수직 방향으로 발목, 무릎, 고관절을 강하고 빠르게 신전하여, 바벨을 던지듯이 추켜올립니다."
255,4,"잡아 채고 앉아받기: 폭발적인 하지 신전력에 의해 바벨을 위로 던진 상태에서, 지면으로부터 점프를 하면서 아래로 내려가 바벨을 앉아받습니다."
255,5,앉아 받고 일어서기: 바벨을 들고 일어나면서 구부렸던 관절을 모두 폅니다.
256,1,척추 전체가 바닥에 닿도록 매트에 눕습니다.
256,2,양팔로 바닥을 지그시 누르면서 두 다리를 모아서 수직으로 들어 올립니다. 이때 무릎은 곧게 펴고 발끝은 길게 뻗어줍니다.
256,3,척추를 바닥에서부터 떼어주면서 두 다리를 모아 바닥에서 수직방향으로 곧게 밀어올립니다.
256,4,올라왔던 역순서대로 몸을 내리면서 시작 자세로 돌아갑니다.
257,1,양손으로 바닥을 눌러 균형을 잡은 상태에서 허벅지가 바닥과 수직이 되도록 무릎을 90도로 구부려 들어 올립니다.
257,2,"손바닥으로 바닥을 지그시 누르면서, 복부의 힘으로 무릎이 가슴쪽으로 가도록 엉덩이를 밀어 올립니다."
257,3,최고점에서 하복부의 자극을 느끼며 천천히 시작자세로 돌아갑니다.
258,1,팔꿈치를 바닥에 대고 몸을 곧게 편상태로 옆으로 눕습니다. 이때 양발은 모아줍니다.
258,2,바닥에 대고 있는 팔로 바닥을 지그시 밀면서 엉덩이를 들어올려 몸통 전체를 일직선으로 만듭니다.
258,3,정해진 시간만큼 버티고 엉덩이를 천천히내려 시작 자세로 돌아옵니다.
259,1,하이퍼익스텐션 머신과 같이 기울어진 구조물에 기대 하체를 고정시킵니다.
259,2,기댄 방향으로 천천히 상체를 숙여 복근의 이완을 느낍니다.
259,3,복부에 힘을 유지한 상태로 몸을 천천히 당겨 시작 자세로 돌아옵니다.
260,1,손목과 팔꿈치를 바닥에 댄 상태로 바닥에 엎드립니다.
260,2,"팔꿈치와 어깨를 동일선상에 놓은 상태에서, 복부와 엉덩이에 힘을 주며 몸을 밀어 올립니다."
260,3,등을 평평하게 만든 상태에서 팔꿈치를 발방향으로 밀어준다는 느낌으로 복근에 더 큰 자극을 부과합니다.
261,1,"양발을 어깨너비만큼 벌린 상태에서, 한쪽 손으로 케이블을 잡습니다."
261,2,"숨을 들이마시면서, 케이블을 잡고있는 손의 방향으로 허리를 천천히 구부려 줍니다."
261,3,복근의 긴장감을 유지하면서 허리를 펴줍니다.
263,1,"기울어진 벤치에 누워 발목을 고정한 상태에서, 양손으로 중량을 고정합니다."
263,2,"등 전체가 아닌 상체 윗부분만 서서히 들어올려, 복근의 윗 부분의 수축감을 느낍니다. (이때 가슴을 펴서 척추의 자극을 최소화합니다.)"
263,3,윗 복근의 긴장감을 느끼면서 천천히 내려옵니다.
264,1,"기울어진 벤치에 누운 상태에서, 신체가 움직이지 않도록 양손으로 벤치를 잡습니다."
264,2,복부의 힘으로 무릎이 가슴쪽으로 올라가도록 엉덩이를 밀어 올립니다.
264,3,최고점에서 하복부의 자극을 느끼며 천천히 시작자세로 돌아갑니다.
265,1,"기울어진 벤치에 누워 발목을 고정한 상태에서, 양손은 가슴 앞이나 머리 뒤로 올려 고정합니다."
265,2,복부의 근육을 이용하여 상체를 들어올립니다.
265,3,복근에 힘을 유지하면서 시작 자세로 돌아갑니다.
266,1,"기울어진 벤치에 누워 발목을 고정한 상태에서, 양손으로 중량을 고정합니다."
266,2,복부의 근육을 이용하여 상체를 들어올립니다.
266,3,복근에 힘을 유지하면서 시작 자세로 돌아갑니다.
267,1,"무릎을 굽힌 상태에서 바닥에 옆으로 누워, 양손을 머리에 자연스럽게 올려둡니다."
267,2,복부의 근육을 이용하여 상체를 바닥과 수직 방향으로 들어올립니다.
267,3,복근에 힘을 유지하면서 시작 자세로 돌아갑니다.
268,1,케이블 머신의 높이를 어깨 높이로 맞춘 상태로 케이블 옆에 나란히 섭니다.
268,2,"팔꿈치를 곧게 편 상태로 케이블 손잡이를 양손으로 잡고, 복근의 힘을 이용하여 상반신을 트위스트합니다."
268,3,복근의 자극을 느끼면서 시작 자세로 돌아갑니다.
269,1,바벨을 어깨너비로 잡고 쇄골 위에 올려둡니다.
269,2,시선은 정면을 유지하면서 엉덩이를 뒤로 빼면서 앉습니다.
269,3,복근과 엉덩이에 힘을 주면서 힘차게 일어납니다.
269,4,일어나는 힘을 이용하여 바벨을 머리 위로 힘껏 밀어올립니다.
270,1,다리를 어깨너비로 벌리고 편하게 섭니다.
270,2,스쿼트 자세를 취한 이후 상체를 내리면서 팔굽혀펴기 1회를 수행합니다.
270,3,엎드려뻗쳐 자세에서 다리를 가슴 쪽으로 당겨 스쿼트 동작으로 돌아옵니다.
270,4,일어나면서 양손을 하늘 위로 뻗으면서 점프합니다.
271,1,"이 운동은 복잡한 동작으로, 적절한 지도가 가능한 트레이너와 상담하는 것을 추천합니다."
271,2,"양발을 어깨너비보다 살짝 넓게 벌린 상태에서, 양손으로 케틀벨을 잡습니다."
271,3,"허리가 굽지 않도록 복부와 코어에 긴장을 유지한 상태로, 케틀벨을 다리 사이로 보냅니다."
271,4,둔근을 수축하는 힘으로 케틀벨을 밀어 올립니다.
271,5,케틀벨 스윙을 통해 둔근의 수축 이완을 반복합니다.
272,1,양손에 케틀벨(혹은 덤벨)을 들고 양발을 엉덩이 너비만큼 벌리고 섭니다.
272,2,가슴을 활짝 펴고 등에 힘을 준 상태로 복부를 단단하게 조입니다.
272,3,어깨를 뒤로 당긴 상태로 복압을 유지하면서 천천히 앞으로 걷습니다.
273,1,"다리를 어깨너비로 벌리고, 월볼을 잡고 벽 앞에 섭니다."
273,2,"스쿼트 자세로 앉았다 일어나는 힘으로 팔을 힘껏 뻗으며, 양손에 들고 있던 월볼을 위로 던집니다."
273,3,떨어지는 월볼을 받으며 다시 스쿼트 자세로 돌아갑니다.
274,1,양팔을 어깨너비로 벌리고 엎드립니다.
274,2,한쪽 무릎이 가슴에 닿을정도로 힘차게 올립니다.
274,3,"올렸던 무릎을 내리며, 반대쪽 무릎을 가슴방향으로 올립니다."
275,1,구조물 앞에 몸을 곧게 펴고 섭니다.
275,2,양발을 동시에 점프하여 구조물 위에 올라섭니다.
275,3,"구부렸던 관절들을 모두 펴고 일어선 후에, 내려와서 시작 자세로 돌아갑니다."
276,1,가슴과 허리를 곧게 펴고 섭니다.
276,2,"무릎을 살짝 굽혀 점프하면서 양 발을 어깨너비 정도로 벌립니다. 이때, 양 팔은 어깨 높이까지 올려줍니다."
276,3,다시 점프하며 발을 모으고 동시에 양팔을 처음 자세로 내려줍니다.
276,4,"무릎을 살짝 굽혀 점프하며 발을 어깨너비 정도로 벌리면서, 양팔을 머리위까지 올려줍니다."
276,5,다시 점프하며 발을 모으고 동시에 양팔을 처음 자세로 내려줍니다.
277,1,"이 운동은 복잡한 동작으로, 적절한 지도가 가능한 트레이너와 상담하는 것을 추천합니다."
277,2,"바를 양손으로 잡고, 몸을 당겨(풀업) 올린 후 밀어(딥) 올라갑니다."
278,1,"이 운동은 복잡한 동작으로, 적절한 지도가 가능한 트레이너와 상담하는 것을 추천합니다."
278,2,"링을 양손으로 각각 잡고, 몸을 당겨(풀업) 올린 후 밀어(딥) 올라갑니다."
280,1,"양손에 덤벨을 들고, 다리는 어깨 너비만큼 벌리고 편하게 섭니다."
280,2,다리를 어깨너비로 벌리고 편하게 섭니다.
280,3,스쿼트 자세를 취한 이후 상체를 내리면서 팔굽혀펴기 1회를 수행합니다.
280,4,엎드려뻗쳐 자세에서 다리를 가슴 쪽으로 당겨 스쿼트 동작으로 돌아옵니다.
280,5,무릎과 골반을 펴주면서 수직방향으로 점프합니다.
281,1,덤벨을 양손에 하나씩 잡고 양 어깨 위에 올려둡니다.
281,2,시선은 정면을 유지하면서 엉덩이를 뒤로 빼면서 앉습니다.
281,3,복근과 엉덩이에 힘을 주면서 힘차에 일어납니다.
281,4,일어나는 힘을 이용하여 덤벨을 머리 위로 힘껏 밀어올립니다.
282,1,양발을 곧게 편 상태에서 허리를 굽혀 양손을 양발 앞에 위치 시킵니다.
282,2,무릎이 굽지 않게 유지하면서 양손을 한걸음씩 앞으로 뻗어줍니다.
282,3,양손은 허리 라인이 일직선이 될때까지 앞으로 이동합니다.
282,4,푸시업을 한번 수행합니다.
282,5,양손을 역순서대로 움직여 시작 자세로 돌아갑니다.
283,1,발끝이 바깥을 향한 상태로 다리를 넓게 벌리고 바벨 앞에 섭니다.
283,2,"허벅지가 바닥에 수평이 될 때까지 엉덩이를 뒤로 뺀 상태에서, 양팔은 어깨너비보다 좁게 바벨을 잡습니다."
283,3,복압을 유지한채로 바벨을 정강이에 붙인다는 느낌으로 끌어 올립니다.
283,4,"바벨이 골반을 지나는 순간, 둔근의 힘을 폭발시켜 바벨을 지면의 수직 방향으로 띄워 올립니다. 이때, 엉덩이 힘을 최대화하기위해 발 뒷꿈치를 들어 올립니다."
283,5,허리 위로 올라온 바벨을 턱 밑까지 힘차게 당겨 올립니다. 이때 팔꿈치는 하늘을 향하도록 합니다.
283,6,바벨이 올라온 역순서대로 바닥에 내려 시작 자세로 돌아갑니다.
284,1,"발끝이 바깥을 향한 상태로 다리를 넓게 벌리고, 양 발의 중앙에 케틀벨을 놓고 섭니다."
284,2,"허벅지가 바닥에 수평이 될 때까지 엉덩이를 뒤로 뺀 상태에서, 양팔로 케틀벨을 잡습니다."
284,3,복압을 유지한채로 엉덩이에 힘을 주며 다리를 펴줍니다.
284,4,"케틀벨이 골반을 지나는 순간, 둔근의 힘을 폭발시켜 케틀벨을 지면의 수직 방향으로 띄워 올립니다. 이때, 엉덩이 힘을 최대화하기위해 발 뒷꿈치를 들어 올립니다."
284,5,허리 위로 올라온 케틀벨 턱 밑까지 힘차게 당겨 올립니다. 이때 팔꿈치는 하늘을 향하도록 합니다.
284,6,케틀벨이 올라온 역순서대로 바닥에 내려 시작 자세로 돌아갑니다.
286,1,속도를 알맞게 조절하고 운동합니다.
286,2,경사를 알맞게 조절하고 운동합니다.
287,1,안장을 체형에 맞게 조절
287,2,알맞은 강도로 운동
288,1,"양 발을 로잉 머신 발판에 고정시키고, 양손으로 머신의 핸들을 잡습니다."
288,2,양쪽 다리의 힘으로 발판을 힘껏 밀어냅니다. 이때 핸들을 잡은 상체가 굽지않도록 등을 곧게 유지합니다.
288,3,"양 다리가 쭉 펴지면 코어 근육을 사용하여 몸을 약 45도 정도로 뒤로 젖힙니다. 이때 등이 굽지 않도록 몸통에 힘을 준 상태로, 양손에 붙잡은 핸들을 가슴팍으로 끌어당깁니다."
288,4,"당겼던 팔을 다시 펴고 코어, 다리 근육을 이용하여 시작 자세로 되돌아갑니다."
289,1,넘어지지 않게 유의하면서 계단을 한칸씩 올라갑니다.
290,1,몸에 힘을 빼고 시선은 정면을 향한 상태로 곧게 섭니다.
290,2,줄넘기의 손잡이를 허리 높이에 위치시키고 손목의 힘으로 가볍게 돌려줍니다.
290,3,무릎의 탄력을 이용하여 수직으로 점프하여 줄을 넘습니다.
291,1,몸에 힘을 빼고 시선은 정면을 향한 상태로 곧게 섭니다.
291,2,줄넘기의 손잡이를 허리 높이에 위치시키고 손목의 힘으로 힘차게 2번 연속으로 돌려줍니다.
291,3,무릎의 탄력을 이용하여 수직으로 점프하여 줄을 넘습니다.
292,1,무릎을 높게 들어 제자리에서 뜁니다.
292,2,빠르게 달릴 때처럼 팔꿈치도 90도가 되도록 크게 스윙합니다.
292,3,지면과의 접촉시간을 최소로 합니다.
293,1,의자에 앉아 아랫배에 힘을 주고 허리를 펴고 부드럽게 탑니다.
293,2,어깨와 허리가 무너진 상태로 무리하게 타지 않도록 합니다.
294,1,속도를 알맞게 조절하고 운동합니다.
294,2,강도를 알맞게 조절하고 운동합니다.
296,1,올바른 자세로 걷습니다.
297,1,올바른 자세로 달립니다.
299,1,"벤치에 가슴을 펴고 누운 상태에서, 바벨을 어깨너비보다 조금 넓게 잡고 위로 들어올립니다."
299,2,가슴 근육의 이완을 느끼며 팔을 굽혀 바벨을 가슴 방향으로 내립니다.
299,3,가슴 근육의 수축을 느끼며 몸의 수직방향으로 바벨을 밀어올립니다.
312,1,"이 운동은 복잡한 동작으로, 적절한 지도가 가능한 트레이너와 상담하는 것을 추천합니다."
312,2,"시작 자세: 양발을 골반보다 약간 넓게 벌리고, 바벨의 그립을 어깨보다 조금 넓게하여 무릎과 팔이 겹치지 않도록 합니다."
312,3,무릎 높이까지 끌기: 팔을 곧게 편 상태로 중심을 잃지 않게 무릎 높이까지 바벨을 끌어 올립니다.
312,4,"몸통 펴고 잡아 채기: 지면의 수직 방향으로 발목, 무릎, 고관절을 강하고 빠르게 신전하여, 바벨을 던지듯이 추켜올립니다."
312,5,"앉아 받고 일어서기: 바벨을 위로 던진 상태에서 아래로 내려가 바벨을 앉아서 받고, 신체 균형을 유지하면서 일어섭니다."
313,1,"이 운동은 복잡한 동작으로, 적절한 지도가 가능한 트레이너와 상담하는 것을 추천합니다."
313,2,"시작 자세: 양발을 골반보다 약간 넓게 벌리고, 바벨의 그립을 어깨보다 조금 넓게하여 무릎과 팔이 겹치지 않도록 합니다."
313,3,"무릎 높이까지 끌기: 팔을 곧게 편 상태로, 중심을 잃지 않게 무릎 높이까지 바벨을 끌어 올립니다."
313,4,"몸통 펴고 잡아 채기: 지면의 수직 방향으로 발목, 무릎, 고관절을 강하고 빠르게 신전하여, 바벨을 던지듯이 추켜올립니다."
313,5,"앉아 받고 일어서기: 바벨을 위로 던진 상태에서 아래로 내려가 바벨을 앉아서 받고, 신체 균형을 유지하면서 일어섭니다."
313,6,"저크: 무릎을 굽히고 일어나는 반동으로 빠르게 바벨을 위로 올려줍니다. 바벨을 받고 굽혔던 모든 관절을 펴서 자세를 유지한 뒤, 바벨을 바닥에 내려놓습니다."
314,1,바벨을 어깨너비로 잡고 쇄골 위에 올려둡니다.
314,2,무릎을 굽히고 일어나는 반동으로 빠르게 바벨을 위로 올려줍니다.
314,3,"바벨의 수직 아래에서 두 팔을 곧게 핀 상태로, 바벨을 받습니다."
314,4,"굽혔던 모든 관절을 펴서 자세를 유지한 뒤, 바벨을 바닥에 내려놓습니다."
315,1,"이 운동은 복잡한 동작으로, 적절한 지도가 가능한 트레이너와 상담하는 것을 추천합니다."
315,2,"시작 자세: 양발을 골반보다 약간 넓게 벌리고, 바벨을 넓게 잡고 두 팔은 곧게 폅니다."
315,3,"무릎 높이까지 끌기: 팔은 곧게 편 상태로, 중심을 잃지 않게 무릎 높이까지 끌어 올립니다."
315,4,"몸통 펴고 잡아 채기: 지면의 수직 방향으로 발목, 무릎, 고관절을 강하고 빠르게 신전하여, 바벨을 던지듯이 추켜올립니다."
315,5,"잡아 채고 앉아받기: 폭발적인 하지 신전력에 의해 바벨을 위로 던진 상태에서, 지면으로부터 점프를 하면서 아래로 내려가 바벨을 앉아받습니다."
315,6,앉아 받고 일어서기: 바벨을 들고 일어나면서 구부렸던 관절을 모두 폅니다.
316,1,바벨을 넓게(스내치 그립) 잡고 머리 위로 들어올립니다.
316,2,견갑을 위로 밀어올리고 팔꿈치를 완전히 펴서 바벨을 안정적으로 고정합니다.
316,3,"엉덩이를 낮춰 스쿼트를 합니다. 몸이 내려가는 동안 상체가 기울지 않도록, 팔이 구부러지지 않도록 유의합니다."
316,4,둔근과 하체의 힘을 사용하여 2번의 자세로 돌아옵니다.
317,1,"이 운동은 복잡한 동작으로, 적절한 지도가 가능한 트레이너와 상담하는 것을 추천합니다."
317,2,"양발을 골반보다 약간 넓게 벌리고, 엉덩이를 뒤로 빼고 무릎을 살짝 구부려 앉습니다."
317,3,양발의 중앙에 놓인 덤벨을 한손으로 잡습니다. 이때 등이 굽지 않도록 상체를 곧게 유지하면서 팔꿈치는 쭉 편 상태로 덤벨을 잡아줍니다.
317,4,무릎과 고관절을 빠르게 피면서 가슴 높이까지 덤벨을 당겨줍니다.
317,5,"가슴 높이에 있는 덤벨을 하늘을 향해 펀치하듯 밀어올립니다. 이때 중량에 따라 무릎을 펴도 좋고, 살짝 굽힌 상태를 유지해도 좋습니다."
317,6,코어(엉덩이와 배)에 힘을 주어 모든 관절이 펴진 상태를 만듭니다.
318,1,"이 운동은 복잡한 동작으로, 적절한 지도가 가능한 트레이너와 상담하는 것을 추천합니다."
318,2,"양발을 골반보다 약간 넓게 벌리고, 엉덩이를 뒤로 빼고 앉아 한손으로 케틀벨을 잡습니다."
318,3,"허리가 굽지 않도록 복부와 코어에 인장을 유지한 상태로, 케틀벨을 다리 사이로 보냅니다."
318,4,둔근을 수축하는 힘으로 케틀벨을 밀어 올립니다.
318,5,가슴 높이에 있는 케틀벨을 하늘을 향해 펀치하듯 밀어올립니다.
318,6,올라왔던 역순으로 케틀벨을 내려 스윙 자세로 돌아갑니다.
320,1,바벨을 넓게(스내치 그립) 잡고 목 뒤에 올려둡니다.
320,2,"고관절, 무릎, 발목을 가볍게 굽혔다 피는 동시에, 다리를 양옆으로 벌리며 바벨을 머리 위로 들어올립니다."
320,3,"들어올린 바벨을 양팔로 잡은 상태로 엉덩이를 천천히 낮추며 스쿼트합니다. 이때, 견갑을 위로 밀어올리고 팔꿈치를 완전히 펴서 바벨을 안정적으로 고정해줍니다."
320,4,둔근과 하체의 힘을 사용하여 2번의 자세로 돌아갑니다.
320,5,"바벨을 목 뒤로 내리며 1번의 자세로 돌아갑니다. 이때, 고관절과 무릎을 가볍게 굽혀 관절과 척추에 부담이 가지 않도록 합니다."
321,1,"팔을 어깨 너비만큼 벌리고, 손바닥이 앞을 바라본 상태로 바를 잡고 매달립니다."
321,2,덤벨이 떨어지지 않도록 양발로 단단하게 잡아 고정시킵니다.
321,3,아랫 배에 힘을 주어 양다리를 위로 말아 올려줍니다.
321,4,복근에 자극을 느끼며 천천히 양다리를 내려줍니다.
322,1,"양발을 골반보다 약간 벏게 벌리고, 바벨의 그립을 어깨보다 조금 넓게하여 무릎과 팔이 겹치지 않도록 합니다."
322,2,복압을 유지한채로 바벨을 정강이에 붙인다는 느낌으로 끌어 올립니다.
322,3,"바벨이 골반을 지나는 순간, 둔근의 힘을 폭발시켜 바벨을 지면의 수직 방향으로 띄워 올립니다. 이때, 엉덩이 힘을 최대화하기위해 발 뒷꿈치를 들어 올립니다."
322,4,허리 위로 올라온 바벨을 턱 밑까지 힘차게 당겨 올립니다. 이때 팔꿈치는 하늘을 향하도록 합니다.
322,5,바벨이 올라온 역순서대로 바닥에 내려 시작 자세로 돌아갑니다.
323,1,"양발을 골반보다 약간 넓게 벌리고, 바벨을 넓게 잡고 두 팔은 곧게 폅니다."
323,2,복압을 유지한채로 바벨을 정강이에 붙인다는 느낌으로 끌어 올립니다.
323,3,"바벨이 골반을 지나는 순간, 둔근의 힘을 폭발시켜 바벨을 지면의 수직 방향으로 띄워 올립니다. 이때, 엉덩이 힘을 최대화하기위해 발 뒷꿈치를 들어 올립니다."
323,4,허리 위로 올라온 바벨을 턱 밑까지 힘차게 당겨 올립니다. 이때 팔꿈치는 하늘을 향하도록 합니다.
323,5,바벨이 올라온 역순서대로 바닥에 내려 시작 자세로 돌아갑니다.
